total_m3h,each_filter_m3h,assumed_reducer_K,fan_available_Pa,plenum_Pa,inner_guard_Pa,outer_guard_Pa,installation_allowance_Pa,reducer_path_Pa,nonfilter_total_Pa,filter_allowance_Pa
200,100.0,0.5,32.599982306802886,0.8677361498395473,2.143347050754458,2.143347050754458,0.5784907665596982,0.02592105276800554,5.758842070676167,26.84114023612672
200,100.0,1.0,32.599982306802886,0.8677361498395473,2.143347050754458,2.143347050754458,0.5784907665596982,0.05184210553601108,5.784763123444172,26.815219183358714
200,100.0,2.0,32.599982306802886,0.8677361498395473,2.143347050754458,2.143347050754458,0.5784907665596982,0.10368421107202216,5.836605228980184,26.763377077822703
250,125.0,0.5,30.09391027851171,1.355837734124293,3.348979766803841,3.348979766803841,0.9038918227495287,0.040501644950008665,8.998190735431512,21.0957195430802
250,125.0,1.0,30.09391027851171,1.355837734124293,3.348979766803841,3.348979766803841,0.9038918227495287,0.08100328990001733,9.038692380381521,21.055217898130188
250,125.0,2.0,30.09391027851171,1.355837734124293,3.348979766803841,3.348979766803841,0.9038918227495287,0.16200657980003466,9.119695670281539,20.97421460823017
300,150.0,0.5,27.626495535280142,1.9524063371389824,4.822530864197531,4.822530864197531,1.3016042247593216,0.05832236872801246,12.957394659021379,14.669100876258764
300,150.0,1.0,27.626495535280142,1.9524063371389824,4.822530864197531,4.822530864197531,1.3016042247593216,0.11664473745602492,13.01571702774939,14.610778507530751
300,150.0,2.0,27.626495535280142,1.9524063371389824,4.822530864197531,4.822530864197531,1.3016042247593216,0.23328947491204985,13.132361765205415,14.494133770074727
350,175.0,0.5,25.267731965308233,2.6574419588836147,6.564000342935529,6.564000342935529,1.7716279725890764,0.07938322410201697,17.636453841445768,7.631278123862465
350,175.0,1.0,25.267731965308233,2.6574419588836147,6.564000342935529,6.564000342935529,1.7716279725890764,0.15876644820403393,17.715837065547785,7.551894899760448
350,175.0,2.0,25.267731965308233,2.6574419588836147,6.564000342935529,6.564000342935529,1.7716279725890764,0.31753289640806787,17.87460351375182,7.393128451556414
400,200.0,0.5,22.833860084605885,3.470944599358189,8.573388203017831,8.573388203017831,2.313963066238793,0.10368421107202216,23.035368282704667,-0.2015081980987823
400,200.0,1.0,22.833860084605885,3.470944599358189,8.573388203017831,8.573388203017831,2.313963066238793,0.20736842214404433,23.13905249377669,-0.3051924091708038
400,200.0,2.0,22.833860084605885,3.470944599358189,8.573388203017831,8.573388203017831,2.313963066238793,0.41473684428808866,23.346420915920735,-0.5125608313148504
