part,volume_mm3,steel_assumed_kg,aluminium_assumed_kg
Shell,11376568.561427355,89.30606320720474,30.71673511585386
HEPAServiceDoor,486524.72760875337,3.819219111728714,1.3136167645436343
PrefilterServiceDoor,128785.95730819972,1.0109697648693678,0.3477220847321392
PrefilterBulkhead,1791789.212330985,14.065545316798234,4.83783087329366
HEPABulkhead,1959264.2123309858,15.380224066798238,5.290013373293662
HEPARetainerEnvelope,418600.00000000047,3.2860100000000037,1.1302200000000013
Transition,694312.8089130651,5.450355549967562,1.8746445840652761
InletNeck,19917.69742375944,0.1563539247765116,0.05377778304415049
StraightOutlet,398353.9484751858,3.1270784955302084,1.0755556608830017
