id,density_assumed_kg_m3,mass_kg,centre_mm
M01_Base,650,1.157555678160548,"[275.00000000000006, 180.00000000000009, 24.499999999999996]"
M02_Left,650,1.140707678160548,"[4.500000000000001, 180.00000000000006, 299.9967374558194]"
M02_Right,650,1.140707678160548,"[545.5, 180.00000000000006, 299.9967374558194]"
M03_Seat_Front,650,0.39231902906090005,"[274.99999999999983, 4.499999999999985, 283.75626147050946]"
M03_Seat_Rear,650,0.39231902906090005,"[274.99999999999983, 355.50000000000045, 283.75626147050946]"
M06_Fan_plate,650,0.8247080001628061,"[275.0000000000004, 180.00000000000017, 575.5000000000014]"
M07_Cleat_9_9,600,0.12761836580637156,"[18.987316044955328, 19.0, 299.93638405734964]"
M07_Cleat_9_331,600,0.12761836580637156,"[18.987316044955328, 340.99999999999994, 299.93638405734964]"
M07_Cleat_521_9,600,0.1276183658063716,"[531.0126839550445, 19.0, 299.9363840573497]"
M07_Cleat_521_331,600,0.1276183658063716,"[531.0126839550445, 341.00000000000006, 299.9363840573497]"
H10_False_19_19,7850,0.0008878140839044755,"[19.0, 19.0, 31.5]"
H10_False_19_341,7850,0.0008878140839044771,"[18.999999999999993, 341.0, 31.5]"
H10_False_531_19,7850,0.0008878140839044818,"[531.0, 19.0, 31.5]"
H10_False_531_341,7850,0.0008878140839044837,"[531.0, 341.0, 31.5]"
H10_True_19_19,7850,0.0007102512671235805,"[19.0, 19.0, 571.0]"
H10_True_19_341,7850,0.0007102512671235818,"[18.999999999999996, 341.0, 571.0]"
H10_True_531_19,7850,0.0007102512671235856,"[531.0, 19.0, 571.0]"
H10_True_531_341,7850,0.0007102512671235871,"[531.0, 341.0, 571.0]"
A01_Reducer_Front,650,1.2127774458614826,"[274.9999999999999, -7.499999999999992, 305.02408902993506]"
A04_Retainer_Front,650,0.2383078390802741,"[275.00000000000017, -59.5, 305.00000000000006]"
A07_Ledge_130_Front,7850,0.029423302288901873,"[144.99999999999994, -27.110805643885993, 155.57165180891445]"
A07_Ledge_390_Front,7850,0.029423302288901873,"[404.99999999999994, -27.110805643885993, 155.57165180891445]"
A01_Reducer_Rear,650,1.2127774458614826,"[274.9999999999999, 367.49999999999966, 305.02408902993506]"
A04_Retainer_Rear,650,0.2383078390802741,"[275.00000000000017, 419.5000000000002, 305.00000000000006]"
A07_Ledge_130_Rear,7850,0.029423302288901863,"[144.99999999999997, 387.110805643886, 155.57165180891442]"
A07_Ledge_390_Rear,7850,0.029423302288901863,"[404.9999999999999, 387.110805643886, 155.57165180891442]"
A05_Stud_0_Front,7850,0.007891680745817564,"[80.00000000000001, -32.00000000000001, 150.0]"
H10_Service_washer_0_Front,7850,0.0007738162893809075,"[79.99999999999999, -64.50000000000001, 150.00000000000003]"
H10_Outer_fixed_washer_0_Front,7850,0.0007738162893809075,"[79.99999999999999, -13.5, 150.00000000000003]"
H10_Inner_fixed_washer_0_Front,7850,0.0007738162893809075,"[79.99999999999999, -2.5000000000000004, 150.00000000000003]"
H11_Service_nut_0_Front,7850,0.0011723533112148264,"[80.00000000000001, -67.5, 150.0]"
H11_Outer_fixed_nut_0_Front,7850,0.0011723533112148264,"[80.00000000000001, -16.5, 150.0]"
H11_Inner_fixed_nut_0_Front,7850,0.0011723533112148264,"[80.00000000000001, 0.5000000000000002, 150.0]"
A05_Stud_1_Front,7850,0.007891680745817567,"[80.00000000000001, -32.00000000000001, 460.00000000000006]"
H10_Service_washer_1_Front,7850,0.0007738162893809075,"[79.99999999999999, -64.50000000000001, 460.00000000000017]"
H10_Outer_fixed_washer_1_Front,7850,0.0007738162893809075,"[79.99999999999999, -13.500000000000002, 460.00000000000017]"
H10_Inner_fixed_washer_1_Front,7850,0.0007738162893809075,"[79.99999999999999, -2.5000000000000004, 460.00000000000017]"
H11_Service_nut_1_Front,7850,0.0011723533112148262,"[80.00000000000001, -67.5, 460.0000000000001]"
H11_Outer_fixed_nut_1_Front,7850,0.0011723533112148262,"[80.00000000000001, -16.5, 460.0000000000001]"
H11_Inner_fixed_nut_1_Front,7850,0.0011723533112148262,"[80.00000000000001, 0.5000000000000001, 460.0000000000001]"
A05_Stud_2_Front,7850,0.007891680745817585,"[470.00000000000006, -32.00000000000001, 150.0]"
H10_Service_washer_2_Front,7850,0.0007738162893809076,"[470.00000000000006, -64.50000000000001, 150.00000000000003]"
H10_Outer_fixed_washer_2_Front,7850,0.0007738162893809076,"[470.00000000000006, -13.5, 150.00000000000003]"
H10_Inner_fixed_washer_2_Front,7850,0.0007738162893809076,"[470.00000000000006, -2.5, 150.00000000000003]"
H11_Service_nut_2_Front,7850,0.0011723533112148173,"[469.99999999999994, -67.50000000000001, 150.00000000000006]"
H11_Outer_fixed_nut_2_Front,7850,0.0011723533112148173,"[469.99999999999994, -16.499999999999996, 150.0]"
H11_Inner_fixed_nut_2_Front,7850,0.0011723533112148173,"[469.99999999999994, 0.5, 150.00000000000006]"
A05_Stud_3_Front,7850,0.00789168074581759,"[470.0, -32.0, 460.00000000000006]"
H10_Service_washer_3_Front,7850,0.0007738162893809079,"[470.00000000000006, -64.50000000000001, 460.0000000000001]"
H10_Outer_fixed_washer_3_Front,7850,0.0007738162893809079,"[470.00000000000006, -13.500000000000002, 460.0000000000001]"
H10_Inner_fixed_washer_3_Front,7850,0.0007738162893809079,"[470.00000000000006, -2.4999999999999996, 460.0000000000001]"
H11_Service_nut_3_Front,7850,0.001172353311214817,"[469.99999999999994, -67.50000000000003, 460.0]"
H11_Outer_fixed_nut_3_Front,7850,0.001172353311214817,"[469.99999999999994, -16.499999999999996, 460.0000000000001]"
H11_Inner_fixed_nut_3_Front,7850,0.001172353311214817,"[469.99999999999994, 0.5, 460.0]"
A08_Ledge_bolt_130_Front,7850,0.003674563847271303,"[145.0, -8.268456375838927, 148.0]"
H12_Outer_washer_130_Front,7850,0.0007738162893809077,"[145.0, -15.500000000000002, 148.00000000000003]"
H12_Inner_washer_130_Front,7850,0.0007738162893809077,"[145.0, -2.5, 148.00000000000003]"
H13_Ledge_nut_130_Front,7850,0.0011723533112148264,"[145.0, 0.5000000000000002, 148.0]"
A08_Ledge_bolt_390_Front,7850,0.0036745638472713118,"[405.00000000000006, -8.268456375838923, 148.0]"
H12_Outer_washer_390_Front,7850,0.0007738162893809076,"[405.0000000000001, -15.500000000000002, 148.00000000000003]"
H12_Inner_washer_390_Front,7850,0.0007738162893809076,"[405.0000000000001, -2.5, 148.00000000000003]"
H13_Ledge_nut_390_Front,7850,0.001172353311214817,"[404.99999999999994, 0.5, 148.0]"
A05_Stud_0_Rear,7850,0.007891680745817564,"[80.00000000000001, 392.0, 150.0]"
H10_Service_washer_0_Rear,7850,0.0007738162893809075,"[79.99999999999999, 424.49999999999983, 150.0]"
H10_Outer_fixed_washer_0_Rear,7850,0.0007738162893809075,"[79.99999999999999, 373.4999999999999, 150.0]"
H10_Inner_fixed_washer_0_Rear,7850,0.0007738162893809075,"[79.99999999999999, 362.49999999999994, 150.0]"
H11_Service_nut_0_Rear,7850,0.0011723533112148264,"[80.00000000000001, 427.5000000000001, 150.0]"
H11_Outer_fixed_nut_0_Rear,7850,0.0011723533112148264,"[80.00000000000001, 376.49999999999994, 150.0]"
H11_Inner_fixed_nut_0_Rear,7850,0.0011723533112148264,"[80.00000000000001, 359.5, 150.0]"
A05_Stud_1_Rear,7850,0.007891680745817567,"[80.00000000000001, 392.00000000000006, 460.00000000000006]"
H10_Service_washer_1_Rear,7850,0.0007738162893809083,"[80.00000000000001, 424.5, 460.00000000000006]"
H10_Outer_fixed_washer_1_Rear,7850,0.0007738162893809083,"[80.00000000000001, 373.50000000000006, 460.00000000000006]"
H10_Inner_fixed_washer_1_Rear,7850,0.0007738162893809083,"[80.00000000000001, 362.49999999999994, 460.00000000000006]"
H11_Service_nut_1_Rear,7850,0.0011723533112148262,"[80.00000000000001, 427.5000000000001, 460.0000000000001]"
H11_Outer_fixed_nut_1_Rear,7850,0.0011723533112148262,"[80.00000000000001, 376.49999999999994, 460.0000000000001]"
H11_Inner_fixed_nut_1_Rear,7850,0.0011723533112148262,"[80.00000000000001, 359.50000000000006, 460.0000000000001]"
A05_Stud_2_Rear,7850,0.007891680745817585,"[470.00000000000006, 392.00000000000006, 150.0]"
H10_Service_washer_2_Rear,7850,0.0007738162893809076,"[469.9999999999999, 424.4999999999999, 150.0]"
H10_Outer_fixed_washer_2_Rear,7850,0.0007738162893809076,"[469.9999999999999, 373.49999999999994, 150.0]"
H10_Inner_fixed_washer_2_Rear,7850,0.0007738162893809076,"[469.9999999999999, 362.4999999999999, 150.0]"
H11_Service_nut_2_Rear,7850,0.0011723533112148173,"[469.99999999999994, 427.50000000000006, 150.00000000000006]"
H11_Outer_fixed_nut_2_Rear,7850,0.0011723533112148173,"[469.99999999999994, 376.4999999999999, 150.00000000000006]"
H11_Inner_fixed_nut_2_Rear,7850,0.0011723533112148173,"[469.99999999999994, 359.5000000000001, 150.00000000000006]"
A05_Stud_3_Rear,7850,0.00789168074581759,"[470.0, 392.0000000000001, 460.00000000000006]"
H10_Service_washer_3_Rear,7850,0.0007738162893809088,"[469.99999999999994, 424.49999999999994, 460.0]"
H10_Outer_fixed_washer_3_Rear,7850,0.0007738162893809088,"[469.99999999999994, 373.5, 460.0]"
H10_Inner_fixed_washer_3_Rear,7850,0.0007738162893809088,"[469.99999999999994, 362.49999999999994, 460.0]"
H11_Service_nut_3_Rear,7850,0.001172353311214817,"[469.99999999999994, 427.50000000000006, 460.0]"
H11_Outer_fixed_nut_3_Rear,7850,0.001172353311214817,"[469.99999999999994, 376.49999999999994, 460.0]"
H11_Inner_fixed_nut_3_Rear,7850,0.001172353311214817,"[469.99999999999994, 359.5000000000001, 460.0]"
A08_Ledge_bolt_130_Rear,7850,0.003674563847271303,"[145.0, 368.26845637583887, 148.0]"
H12_Outer_washer_130_Rear,7850,0.0007738162893809077,"[144.99999999999994, 375.49999999999994, 148.0]"
H12_Inner_washer_130_Rear,7850,0.0007738162893809077,"[144.99999999999994, 362.4999999999999, 148.0]"
H13_Ledge_nut_130_Rear,7850,0.0011723533112148264,"[145.0, 359.50000000000006, 148.0]"
A08_Ledge_bolt_390_Rear,7850,0.0036745638472713118,"[405.00000000000006, 368.2684563758389, 148.0]"
H12_Outer_washer_390_Rear,7850,0.0007738162893809076,"[404.99999999999994, 375.49999999999994, 148.0]"
H12_Inner_washer_390_Rear,7850,0.0007738162893809076,"[404.99999999999994, 362.4999999999999, 148.0]"
H13_Ledge_nut_390_Rear,7850,0.001172353311214817,"[404.99999999999994, 359.5, 148.0]"
J01_Outer_105_120_Screw,7850,0.0031813338006577035,"[105.0, 119.99999999999999, 577.5581395348836]"
J01_Outer_105_120_Upper_washer,7850,0.0007738162893809076,"[105.00000000000001, 120.0, 582.5000000000001]"
J01_Outer_105_120_Lower_washer,7850,0.0007738162893809076,"[105.00000000000001, 120.0, 570.5000000000001]"
J01_Outer_105_120_Nut,7850,0.0011723533112148275,"[104.99999999999997, 119.99999999999999, 567.5]"
J01_Outer_105_240_Screw,7850,0.003181333800657703,"[105.00000000000001, 240.00000000000003, 577.5581395348838]"
J01_Outer_105_240_Upper_washer,7850,0.0007738162893809078,"[105.00000000000001, 240.0, 582.5000000000001]"
J01_Outer_105_240_Lower_washer,7850,0.0007738162893809078,"[105.00000000000001, 240.0, 570.5]"
J01_Outer_105_240_Nut,7850,0.0011723533112148275,"[104.99999999999999, 240.00000000000003, 567.5]"
J01_Outer_445_120_Screw,7850,0.0031813338006577057,"[445.0, 120.0, 577.5581395348837]"
J01_Outer_445_120_Upper_washer,7850,0.0007738162893809075,"[445.0000000000002, 120.00000000000001, 582.5000000000001]"
J01_Outer_445_120_Lower_washer,7850,0.0007738162893809075,"[445.0000000000002, 120.00000000000001, 570.5000000000001]"
J01_Outer_445_120_Nut,7850,0.001172353311214819,"[444.9999999999999, 119.99999999999997, 567.5]"
J01_Outer_445_240_Screw,7850,0.003181333800657706,"[445.0, 240.00000000000003, 577.5581395348838]"
J01_Outer_445_240_Upper_washer,7850,0.0007738162893809079,"[445.0000000000001, 240.0, 582.5]"
J01_Outer_445_240_Lower_washer,7850,0.0007738162893809079,"[445.0000000000001, 240.0, 570.5]"
J01_Outer_445_240_Nut,7850,0.001172353311214819,"[444.9999999999999, 239.99999999999994, 567.5]"
J01_Inner_105_60_Screw,7850,0.003181333800657704,"[105.00000000000001, 59.99999999999999, 575.5581395348836]"
J01_Inner_105_60_Upper_washer,7850,0.0007738162893809076,"[105.00000000000001, 60.0, 580.5000000000001]"
J01_Inner_105_60_Lower_washer,7850,0.0007738162893809076,"[105.00000000000001, 60.0, 568.5000000000001]"
J01_Inner_105_60_Nut,7850,0.0011723533112148272,"[104.99999999999999, 60.00000000000001, 565.5]"
J01_Inner_105_300_Screw,7850,0.00318133380065771,"[105.0, 300.00000000000006, 575.5581395348837]"
J01_Inner_105_300_Upper_washer,7850,0.0007738162893809079,"[105.00000000000001, 300.00000000000006, 580.4999999999999]"
J01_Inner_105_300_Lower_washer,7850,0.0007738162893809079,"[105.00000000000001, 300.00000000000006, 568.5000000000002]"
J01_Inner_105_300_Nut,7850,0.0011723533112148257,"[104.99999999999999, 300.00000000000006, 565.5]"
J01_Inner_445_60_Screw,7850,0.003181333800657707,"[444.99999999999994, 59.99999999999999, 575.5581395348837]"
J01_Inner_445_60_Upper_washer,7850,0.0007738162893809075,"[445.0000000000001, 60.00000000000001, 580.5000000000001]"
J01_Inner_445_60_Lower_washer,7850,0.0007738162893809075,"[445.0000000000001, 60.00000000000001, 568.5000000000001]"
J01_Inner_445_60_Nut,7850,0.0011723533112148188,"[444.9999999999999, 60.0, 565.5000000000002]"
J01_Inner_445_300_Screw,7850,0.0031813338006577126,"[445.00000000000006, 300.0, 575.5581395348837]"
J01_Inner_445_300_Upper_washer,7850,0.0007738162893809079,"[445.0000000000001, 300.0, 580.5000000000001]"
J01_Inner_445_300_Lower_washer,7850,0.0007738162893809079,"[445.0000000000001, 300.0, 568.5000000000001]"
J01_Inner_445_300_Nut,7850,0.0011723533112148175,"[444.9999999999999, 299.99999999999994, 565.5000000000001]"
G10_Outer_fabricated_guard,7850,1.3991272091556133,"[274.99999999999835, 179.99999999999983, 618.3534012189881]"
G10_Inner_fabricated_guard,7850,1.298961209155605,"[275.0000000000011, 180.0000000000005, 539.3474634043259]"
K01_Front_0_stud,7850,0.009248063374004951,"[20.0, 9.000000000000004, 55.00000000000001]"
K01_Front_0_outer_washer,7850,0.0014568289271802526,"[20.0, -12.600000000000001, 55.0]"
K01_Front_0_inner_washer,7850,0.0014568289271802524,"[20.0, 29.6, 55.0]"
K01_Front_0_outer_nut,7850,0.0014047838664727646,"[20.0, -15.7, 55.0]"
K01_Front_0_inner_nut,7850,0.0014047838664727646,"[20.0, 32.7, 55.0]"
K01_Front_1_stud,7850,0.009248063374004961,"[20.0, 8.999999999999996, 305.0]"
K01_Front_1_outer_washer,7850,0.0014568289271802532,"[20.0, -12.6, 305.0]"
K01_Front_1_inner_washer,7850,0.001456828927180253,"[20.0, 29.6, 305.0]"
K01_Front_1_outer_nut,7850,0.0014047838664727628,"[20.0, -15.699999999999998, 305.0]"
K01_Front_1_inner_nut,7850,0.0014047838664727633,"[20.0, 32.7, 305.0]"
K01_Front_2_stud,7850,0.009248063374004922,"[19.999999999999996, 9.000000000000004, 555.0]"
K01_Front_2_outer_washer,7850,0.0014568289271802526,"[20.000000000000004, -12.600000000000001, 555.0]"
K01_Front_2_inner_washer,7850,0.0014568289271802524,"[20.000000000000004, 29.6, 555.0]"
K01_Front_2_outer_nut,7850,0.0014047838664727672,"[20.0, -15.7, 555.0]"
K01_Front_2_inner_nut,7850,0.0014047838664727672,"[20.0, 32.7, 555.0]"
K01_Front_3_stud,7850,0.009248063374004951,"[530.0, 9.000000000000004, 55.00000000000001]"
K01_Front_3_outer_washer,7850,0.0014568289271802521,"[530.0, -12.6, 55.0]"
K01_Front_3_inner_washer,7850,0.001456828927180252,"[530.0, 29.6, 55.0]"
K01_Front_3_outer_nut,7850,0.0014047838664727615,"[530.0, -15.700000000000001, 55.0]"
K01_Front_3_inner_nut,7850,0.0014047838664727615,"[530.0, 32.7, 55.0]"
K01_Front_4_stud,7850,0.00924806337400496,"[530.0, 8.999999999999996, 305.0]"
K01_Front_4_outer_washer,7850,0.0014568289271802528,"[530.0, -12.599999999999998, 305.0]"
K01_Front_4_inner_washer,7850,0.0014568289271802526,"[530.0, 29.6, 305.0]"
K01_Front_4_outer_nut,7850,0.0014047838664727605,"[530.0, -15.7, 305.0]"
K01_Front_4_inner_nut,7850,0.0014047838664727605,"[530.0, 32.7, 305.0]"
K01_Front_5_stud,7850,0.009248063374004922,"[530.0, 9.000000000000004, 555.0]"
K01_Front_5_outer_washer,7850,0.0014568289271802521,"[530.0, -12.6, 555.0]"
K01_Front_5_inner_washer,7850,0.001456828927180252,"[530.0, 29.6, 555.0]"
K01_Front_5_outer_nut,7850,0.0014047838664727641,"[530.0, -15.699999999999998, 555.0]"
K01_Front_5_inner_nut,7850,0.0014047838664727641,"[530.0, 32.7, 555.0]"
K01_Front_6_stud,7850,0.006165375582669978,"[275.0, -1.0, 50.000000000000014]"
K01_Front_6_outer_washer,7850,0.0014568289271802534,"[275.0, -12.6, 50.0]"
K01_Front_6_inner_washer,7850,0.0014568289271802532,"[275.0, 9.6, 50.00000000000001]"
K01_Front_6_outer_nut,7850,0.0014047838664727641,"[275.0, -15.699999999999998, 50.0]"
K01_Front_6_inner_nut,7850,0.0014047838664727646,"[275.0, 12.700000000000001, 50.00000000000001]"
K01_Front_7_stud,7850,0.0061653755826699555,"[275.0, -1.0000000000000036, 560.0]"
K01_Front_7_outer_washer,7850,0.0014568289271802534,"[275.0, -12.6, 560.0]"
K01_Front_7_inner_washer,7850,0.0014568289271802532,"[275.0, 9.6, 560.0]"
K01_Front_7_outer_nut,7850,0.0014047838664727672,"[275.0, -15.7, 560.0]"
K01_Front_7_inner_nut,7850,0.0014047838664727676,"[275.0, 12.7, 560.0]"
K01_Rear_0_stud,7850,0.009248063374004955,"[20.0, 350.99999999999994, 55.00000000000016]"
K01_Rear_0_outer_washer,7850,0.0014568289271802478,"[19.999999999999996, 372.5999999999999, 55.00000000000017]"
K01_Rear_0_inner_washer,7850,0.0014568289271802476,"[19.999999999999996, 330.4, 55.00000000000013]"
K01_Rear_0_outer_nut,7850,0.0014047838664727646,"[20.0, 375.6999999999999, 55.00000000000018]"
K01_Rear_0_inner_nut,7850,0.0014047838664727646,"[20.0, 327.2999999999999, 55.00000000000013]"
K01_Rear_1_stud,7850,0.009248063374004951,"[20.0, 350.99999999999994, 305.0000000000001]"
K01_Rear_1_outer_washer,7850,0.001456828927180248,"[19.999999999999996, 372.59999999999985, 305.0000000000001]"
K01_Rear_1_inner_washer,7850,0.0014568289271802478,"[19.999999999999996, 330.4, 305.0000000000001]"
K01_Rear_1_outer_nut,7850,0.001404783866472765,"[20.0, 375.7, 305.00000000000017]"
K01_Rear_1_inner_nut,7850,0.0014047838664727637,"[20.0, 327.29999999999984, 305.0000000000001]"
K01_Rear_2_stud,7850,0.00924806337400497,"[20.0, 350.99999999999994, 555.0000000000002]"
K01_Rear_2_outer_washer,7850,0.0014568289271802484,"[19.999999999999996, 372.59999999999985, 555.0000000000002]"
K01_Rear_2_inner_washer,7850,0.0014568289271802476,"[19.999999999999993, 330.3999999999999, 555.0000000000001]"
K01_Rear_2_outer_nut,7850,0.001404783866472764,"[20.0, 375.7, 555.0000000000002]"
K01_Rear_2_inner_nut,7850,0.0014047838664727628,"[20.0, 327.29999999999995, 555.0000000000002]"
K01_Rear_3_stud,7850,0.009248063374004951,"[530.0, 350.99999999999994, 55.00000000000016]"
K01_Rear_3_outer_washer,7850,0.0014568289271802476,"[530.0, 372.59999999999997, 55.00000000000016]"
K01_Rear_3_inner_washer,7850,0.0014568289271802474,"[530.0, 330.40000000000003, 55.00000000000013]"
K01_Rear_3_outer_nut,7850,0.0014047838664727615,"[530.0, 375.7, 55.000000000000185]"
K01_Rear_3_inner_nut,7850,0.0014047838664727615,"[530.0, 327.3, 55.00000000000013]"
K01_Rear_4_stud,7850,0.009248063374004951,"[530.0, 350.9999999999999, 305.0000000000001]"
K01_Rear_4_outer_washer,7850,0.0014568289271802478,"[530.0, 372.5999999999999, 305.0000000000001]"
K01_Rear_4_inner_washer,7850,0.0014568289271802476,"[530.0, 330.4, 305.0000000000001]"
K01_Rear_4_outer_nut,7850,0.0014047838664727626,"[530.0, 375.6999999999998, 305.00000000000017]"
K01_Rear_4_inner_nut,7850,0.001404783866472761,"[530.0, 327.3, 305.0000000000001]"
K01_Rear_5_stud,7850,0.009248063374004967,"[530.0, 351.0, 555.0000000000002]"
K01_Rear_5_outer_washer,7850,0.0014568289271802482,"[530.0, 372.6000000000001, 555.0000000000002]"
K01_Rear_5_inner_washer,7850,0.001456828927180247,"[530.0, 330.40000000000003, 555.0000000000001]"
K01_Rear_5_outer_nut,7850,0.0014047838664727609,"[530.0, 375.70000000000005, 555.0000000000002]"
K01_Rear_5_inner_nut,7850,0.0014047838664727598,"[530.0, 327.3, 555.0000000000002]"
K01_Rear_6_stud,7850,0.006165375582669978,"[275.0, 360.9999999999999, 50.00000000000017]"
K01_Rear_6_outer_washer,7850,0.001456828927180249,"[275.0, 372.5999999999999, 50.00000000000016]"
K01_Rear_6_inner_washer,7850,0.0014568289271802484,"[275.0, 350.4, 50.000000000000156]"
K01_Rear_6_outer_nut,7850,0.0014047838664727646,"[275.0, 375.6999999999999, 50.00000000000018]"
K01_Rear_6_inner_nut,7850,0.0014047838664727646,"[275.0, 347.2999999999999, 50.00000000000015]"
K01_Rear_7_stud,7850,0.0061653755826699885,"[275.0, 360.99999999999994, 560.0000000000002]"
K01_Rear_7_outer_washer,7850,0.001456828927180249,"[275.0, 372.59999999999997, 560.0000000000002]"
K01_Rear_7_inner_washer,7850,0.001456828927180248,"[275.0, 350.40000000000003, 560.0000000000002]"
K01_Rear_7_outer_nut,7850,0.0014047838664727637,"[275.0, 375.70000000000005, 560.0000000000002]"
K01_Rear_7_inner_nut,7850,0.0014047838664727633,"[275.0, 347.30000000000007, 560.0000000000002]"
K03_Outer_stop_False_0,7850,0.001290104840673691,"[20.0, -1.5, 55.0]"
K03_Outer_stop_False_1,7850,0.0012901048406736895,"[20.0, -1.4999999999999996, 305.0]"
K03_Outer_stop_False_2,7850,0.001290104840673695,"[20.000000000000004, -1.4999999999999996, 555.0]"
K03_Outer_stop_False_3,7850,0.0012901048406736965,"[530.0, -1.5000000000000002, 55.0]"
K03_Outer_stop_False_4,7850,0.0012901048406736952,"[530.0, -1.4999999999999996, 305.0]"
K03_Outer_stop_False_5,7850,0.0012901048406737,"[530.0, -1.4999999999999996, 555.0]"
K03_Outer_stop_False_6,7850,0.0012901048406736906,"[275.0, -1.4999999999999996, 50.0]"
K03_Outer_stop_False_7,7850,0.0012901048406736943,"[275.0, -1.5, 560.0]"
K04_Inner_stop_False_0,7850,0.004882977461474619,"[80.0, -37.0, 150.0]"
K04_Inner_stop_False_1,7850,0.0048829774614746165,"[80.0, -37.0, 460.0]"
K04_Inner_stop_False_2,7850,0.004882977461474627,"[470.00000000000006, -37.0, 150.0]"
K04_Inner_stop_False_3,7850,0.004882977461474622,"[470.0, -37.0, 459.99999999999994]"
K03_Outer_stop_True_0,7850,0.0012901048406736909,"[20.0, 361.49999999999994, 55.00000000000015]"
K03_Outer_stop_True_1,7850,0.0012901048406736913,"[20.0, 361.49999999999994, 305.0000000000001]"
K03_Outer_stop_True_2,7850,0.00129010484067369,"[20.0, 361.5, 555.0000000000002]"
K03_Outer_stop_True_3,7850,0.0012901048406736965,"[530.0, 361.49999999999994, 55.000000000000156]"
K03_Outer_stop_True_4,7850,0.0012901048406736965,"[530.0, 361.5, 305.0000000000001]"
K03_Outer_stop_True_5,7850,0.0012901048406736952,"[530.0, 361.49999999999994, 555.0000000000002]"
K03_Outer_stop_True_6,7850,0.0012901048406736909,"[275.0, 361.49999999999994, 50.000000000000156]"
K03_Outer_stop_True_7,7850,0.00129010484067369,"[275.0, 361.4999999999999, 560.0000000000002]"
K04_Inner_stop_True_0,7850,0.004882977461474617,"[80.0, 396.9999999999998, 150.00000000000017]"
K04_Inner_stop_True_1,7850,0.004882977461474616,"[80.0, 396.99999999999983, 460.00000000000017]"
K04_Inner_stop_True_2,7850,0.004882977461474626,"[470.00000000000006, 396.9999999999998, 150.00000000000017]"
K04_Inner_stop_True_3,7850,0.004882977461474624,"[470.0, 396.99999999999994, 460.00000000000017]"
K02_Fan_bolt_1_1_screw,7850,0.0061407140803392945,"[137.5, 42.5, 589.3132530120482]"
K02_Fan_bolt_1_1_top_washer,7850,0.0007738162893809072,"[137.5, 42.5, 608.5]"
K02_Fan_bolt_1_1_bottom_washer,7850,0.0007738162893809072,"[137.5, 42.5, 570.5]"
K02_Fan_bolt_1_1_nut,7850,0.0011723533112148244,"[137.5, 42.5, 567.5]"
K02_Fan_bolt_1_2_screw,7850,0.006140714080339292,"[137.5, 167.5, 589.3132530120482]"
K02_Fan_bolt_1_2_top_washer,7850,0.0007738162893809077,"[137.5, 167.5, 608.5]"
K02_Fan_bolt_1_2_bottom_washer,7850,0.0007738162893809077,"[137.5, 167.5, 570.5]"
K02_Fan_bolt_1_2_nut,7850,0.0011723533112148246,"[137.5, 167.5, 567.5]"
K02_Fan_bolt_1_3_screw,7850,0.006140714080339298,"[262.5, 42.5, 589.3132530120482]"
K02_Fan_bolt_1_3_top_washer,7850,0.0007738162893809077,"[262.5, 42.5, 608.5]"
K02_Fan_bolt_1_3_bottom_washer,7850,0.0007738162893809077,"[262.5, 42.5, 570.5]"
K02_Fan_bolt_1_3_nut,7850,0.0011723533112148236,"[262.5, 42.5, 567.5]"
K02_Fan_bolt_1_4_screw,7850,0.006140714080339295,"[262.5, 167.5, 589.3132530120482]"
K02_Fan_bolt_1_4_top_washer,7850,0.0007738162893809078,"[262.5, 167.5, 608.5]"
K02_Fan_bolt_1_4_bottom_washer,7850,0.0007738162893809078,"[262.5, 167.5, 570.5]"
K02_Fan_bolt_1_4_nut,7850,0.0011723533112148238,"[262.5, 167.5, 567.5]"
K02_Fan_bolt_2_1_screw,7850,0.006140714080339298,"[287.5, 42.5, 589.3132530120482]"
K02_Fan_bolt_2_1_top_washer,7850,0.0007738162893809077,"[287.5, 42.5, 608.5]"
K02_Fan_bolt_2_1_bottom_washer,7850,0.0007738162893809077,"[287.5, 42.5, 570.5]"
K02_Fan_bolt_2_1_nut,7850,0.0011723533112148236,"[287.5, 42.5, 567.5]"
K02_Fan_bolt_2_2_screw,7850,0.006140714080339295,"[287.5, 167.5, 589.3132530120482]"
K02_Fan_bolt_2_2_top_washer,7850,0.0007738162893809078,"[287.5, 167.5, 608.5]"
K02_Fan_bolt_2_2_bottom_washer,7850,0.0007738162893809078,"[287.5, 167.5, 570.5]"
K02_Fan_bolt_2_2_nut,7850,0.0011723533112148238,"[287.5, 167.5, 567.5]"
K02_Fan_bolt_2_3_screw,7850,0.006140714080339298,"[412.5, 42.5, 589.3132530120482]"
K02_Fan_bolt_2_3_top_washer,7850,0.0007738162893809075,"[412.5, 42.5, 608.5]"
K02_Fan_bolt_2_3_bottom_washer,7850,0.0007738162893809075,"[412.5, 42.5, 570.5]"
K02_Fan_bolt_2_3_nut,7850,0.0011723533112148231,"[412.5, 42.5, 567.5]"
K02_Fan_bolt_2_4_screw,7850,0.006140714080339295,"[412.5, 167.5, 589.3132530120482]"
K02_Fan_bolt_2_4_top_washer,7850,0.0007738162893809079,"[412.5, 167.5, 608.5]"
K02_Fan_bolt_2_4_bottom_washer,7850,0.0007738162893809079,"[412.5, 167.5, 570.5]"
K02_Fan_bolt_2_4_nut,7850,0.0011723533112148233,"[412.5, 167.5, 567.5]"
K02_Fan_bolt_3_1_screw,7850,0.006140714080339292,"[137.5, 192.5, 589.3132530120482]"
K02_Fan_bolt_3_1_top_washer,7850,0.0007738162893809077,"[137.5, 192.5, 608.5]"
K02_Fan_bolt_3_1_bottom_washer,7850,0.0007738162893809077,"[137.5, 192.5, 570.5]"
K02_Fan_bolt_3_1_nut,7850,0.0011723533112148246,"[137.5, 192.5, 567.5]"
K02_Fan_bolt_3_2_screw,7850,0.006140714080339308,"[137.5, 317.5, 589.3132530120482]"
K02_Fan_bolt_3_2_top_washer,7850,0.0007738162893809076,"[137.5, 317.5, 608.5]"
K02_Fan_bolt_3_2_bottom_washer,7850,0.0007738162893809076,"[137.5, 317.5, 570.5]"
K02_Fan_bolt_3_2_nut,7850,0.0011723533112148231,"[137.5, 317.5, 567.5]"
K02_Fan_bolt_3_3_screw,7850,0.006140714080339295,"[262.5, 192.5, 589.3132530120482]"
K02_Fan_bolt_3_3_top_washer,7850,0.0007738162893809078,"[262.5, 192.5, 608.5]"
K02_Fan_bolt_3_3_bottom_washer,7850,0.0007738162893809078,"[262.5, 192.5, 570.5]"
K02_Fan_bolt_3_3_nut,7850,0.0011723533112148238,"[262.5, 192.5, 567.5]"
K02_Fan_bolt_3_4_screw,7850,0.006140714080339309,"[262.5, 317.5, 589.3132530120482]"
K02_Fan_bolt_3_4_top_washer,7850,0.0007738162893809079,"[262.5, 317.5, 608.5]"
K02_Fan_bolt_3_4_bottom_washer,7850,0.0007738162893809079,"[262.5, 317.5, 570.5]"
K02_Fan_bolt_3_4_nut,7850,0.0011723533112148225,"[262.5, 317.5, 567.5]"
K02_Fan_bolt_4_1_screw,7850,0.006140714080339295,"[287.5, 192.5, 589.3132530120482]"
K02_Fan_bolt_4_1_top_washer,7850,0.0007738162893809078,"[287.5, 192.5, 608.5]"
K02_Fan_bolt_4_1_bottom_washer,7850,0.0007738162893809078,"[287.5, 192.5, 570.5]"
K02_Fan_bolt_4_1_nut,7850,0.0011723533112148238,"[287.5, 192.5, 567.5]"
K02_Fan_bolt_4_2_screw,7850,0.006140714080339309,"[287.5, 317.5, 589.3132530120482]"
K02_Fan_bolt_4_2_top_washer,7850,0.0007738162893809079,"[287.5, 317.5, 608.5]"
K02_Fan_bolt_4_2_bottom_washer,7850,0.0007738162893809079,"[287.5, 317.5, 570.5]"
K02_Fan_bolt_4_2_nut,7850,0.0011723533112148225,"[287.5, 317.5, 567.5]"
K02_Fan_bolt_4_3_screw,7850,0.006140714080339295,"[412.5, 192.5, 589.3132530120482]"
K02_Fan_bolt_4_3_top_washer,7850,0.0007738162893809079,"[412.5, 192.49999999999997, 608.5]"
K02_Fan_bolt_4_3_bottom_washer,7850,0.0007738162893809079,"[412.5, 192.49999999999997, 570.5]"
K02_Fan_bolt_4_3_nut,7850,0.0011723533112148233,"[412.5, 192.5, 567.5]"
K02_Fan_bolt_4_4_screw,7850,0.006140714080339309,"[412.50000000000006, 317.5, 589.3132530120482]"
K02_Fan_bolt_4_4_top_washer,7850,0.0007738162893809079,"[412.5, 317.5, 608.5]"
K02_Fan_bolt_4_4_bottom_washer,7850,0.0007738162893809079,"[412.5, 317.5, 570.5]"
K02_Fan_bolt_4_4_nut,7850,0.001172353311214822,"[412.5, 317.5, 567.5]"
K06_End_False_19_105_screw,7850,0.005154253987112097,"[13.842105263157894, 19.0, 105.0]"
K06_End_False_19_105_outer_washer,7850,0.0007738162893809078,"[-0.5, 19.0, 105.0]"
K06_End_False_19_105_inner_washer,7850,0.0007738162893809078,"[29.5, 19.0, 105.0]"
K06_End_False_19_105_nut,7850,0.0011723533112148249,"[32.5, 19.0, 105.0]"
K06_End_False_19_205_screw,7850,0.005154253987112098,"[13.84210526315789, 19.0, 205.0]"
K06_End_False_19_205_outer_washer,7850,0.0007738162893809076,"[-0.5, 19.0, 205.0]"
K06_End_False_19_205_inner_washer,7850,0.0007738162893809076,"[29.499999999999996, 19.0, 205.0]"
K06_End_False_19_205_nut,7850,0.0011723533112148249,"[32.5, 19.0, 205.0]"
K06_End_False_19_405_screw,7850,0.0051542539871121005,"[13.84210526315789, 19.0, 405.0]"
K06_End_False_19_405_outer_washer,7850,0.0007738162893809077,"[-0.5, 19.0, 405.0]"
K06_End_False_19_405_inner_washer,7850,0.0007738162893809077,"[29.499999999999996, 19.0, 405.0]"
K06_End_False_19_405_nut,7850,0.001172353311214823,"[32.5, 19.0, 405.0]"
K06_End_False_19_505_screw,7850,0.0051542539871121005,"[13.84210526315789, 19.0, 505.0]"
K06_End_False_19_505_outer_washer,7850,0.0007738162893809077,"[-0.5, 19.0, 505.0]"
K06_End_False_19_505_inner_washer,7850,0.0007738162893809077,"[29.499999999999996, 19.0, 505.0]"
K06_End_False_19_505_nut,7850,0.001172353311214823,"[32.5, 19.0, 505.00000000000006]"
K06_End_False_341_105_screw,7850,0.005154253987112107,"[13.842105263157892, 341.0, 105.0]"
K06_End_False_341_105_outer_washer,7850,0.000773816289380908,"[-0.4999999999999998, 341.00000000000006, 105.0]"
K06_End_False_341_105_inner_washer,7850,0.0007738162893809081,"[29.5, 341.0, 105.00000000000001]"
K06_End_False_341_105_nut,7850,0.0011723533112148236,"[32.5, 341.0, 105.0]"
K06_End_False_341_205_screw,7850,0.005154253987112107,"[13.842105263157892, 341.0, 205.0]"
K06_End_False_341_205_outer_washer,7850,0.0007738162893809077,"[-0.5, 341.00000000000006, 205.00000000000003]"
K06_End_False_341_205_inner_washer,7850,0.0007738162893809078,"[29.5, 341.0, 204.99999999999997]"
K06_End_False_341_205_nut,7850,0.0011723533112148236,"[32.5, 341.0, 205.0]"
K06_End_False_341_405_screw,7850,0.005154253987112109,"[13.842105263157896, 341.0, 405.0]"
K06_End_False_341_405_outer_washer,7850,0.0007738162893809079,"[-0.4999999999999998, 341.0, 405.0]"
K06_End_False_341_405_inner_washer,7850,0.0007738162893809081,"[29.5, 341.0, 404.99999999999994]"
K06_End_False_341_405_nut,7850,0.001172353311214822,"[32.5, 341.0, 405.0]"
K06_End_False_341_505_screw,7850,0.005154253987112109,"[13.842105263157896, 341.0, 505.0]"
K06_End_False_341_505_outer_washer,7850,0.0007738162893809079,"[-0.4999999999999998, 341.0, 505.0]"
K06_End_False_341_505_inner_washer,7850,0.0007738162893809081,"[29.5, 341.0, 505.0]"
K06_End_False_341_505_nut,7850,0.001172353311214822,"[32.5, 341.0, 505.00000000000006]"
K06_End_True_19_105_screw,7850,0.005154253987112095,"[536.1578947368421, 19.0, 104.99999999999999]"
K06_End_True_19_105_outer_washer,7850,0.0007738162893809079,"[550.5, 19.0, 105.0]"
K06_End_True_19_105_inner_washer,7850,0.0007738162893809079,"[520.5, 19.0, 105.0]"
K06_End_True_19_105_nut,7850,0.001172353311214825,"[517.5, 19.0, 105.0]"
K06_End_True_19_205_screw,7850,0.005154253987112098,"[536.1578947368421, 19.0, 205.0]"
K06_End_True_19_205_outer_washer,7850,0.0007738162893809077,"[550.5, 19.0, 205.00000000000003]"
K06_End_True_19_205_inner_washer,7850,0.0007738162893809077,"[520.5, 19.0, 205.00000000000003]"
K06_End_True_19_205_nut,7850,0.0011723533112148249,"[517.5, 19.0, 205.0]"
K06_End_True_19_405_screw,7850,0.005154253987112101,"[536.1578947368421, 19.0, 405.00000000000006]"
K06_End_True_19_405_outer_washer,7850,0.0007738162893809078,"[550.5, 19.0, 405.0]"
K06_End_True_19_405_inner_washer,7850,0.0007738162893809078,"[520.5, 19.0, 405.0]"
K06_End_True_19_405_nut,7850,0.0011723533112148233,"[517.5, 19.0, 405.0]"
K06_End_True_19_505_screw,7850,0.005154253987112101,"[536.1578947368421, 19.0, 505.0]"
K06_End_True_19_505_outer_washer,7850,0.0007738162893809078,"[550.5, 19.0, 505.0]"
K06_End_True_19_505_inner_washer,7850,0.0007738162893809078,"[520.5, 19.0, 505.0]"
K06_End_True_19_505_nut,7850,0.0011723533112148233,"[517.5, 19.0, 505.00000000000006]"
K06_End_True_341_105_screw,7850,0.005154253987112103,"[536.1578947368421, 341.0, 105.00000000000001]"
K06_End_True_341_105_outer_washer,7850,0.000773816289380908,"[550.5, 341.00000000000006, 105.0]"
K06_End_True_341_105_inner_washer,7850,0.000773816289380908,"[520.5, 341.00000000000006, 105.0]"
K06_End_True_341_105_nut,7850,0.0011723533112148242,"[517.5, 341.0, 105.0]"
K06_End_True_341_205_screw,7850,0.005154253987112107,"[536.1578947368421, 341.0, 205.0]"
K06_End_True_341_205_outer_washer,7850,0.0007738162893809077,"[550.5, 341.00000000000006, 205.00000000000003]"
K06_End_True_341_205_inner_washer,7850,0.0007738162893809077,"[520.5, 341.00000000000006, 205.00000000000003]"
K06_End_True_341_205_nut,7850,0.0011723533112148236,"[517.5, 341.0, 205.0]"
K06_End_True_341_405_screw,7850,0.005154253987112111,"[536.1578947368421, 341.0, 405.00000000000006]"
K06_End_True_341_405_outer_washer,7850,0.0007738162893809079,"[550.5, 341.0, 405.0]"
K06_End_True_341_405_inner_washer,7850,0.0007738162893809079,"[520.5, 341.0, 405.0]"
K06_End_True_341_405_nut,7850,0.0011723533112148225,"[517.5, 341.0, 405.0]"
K06_End_True_341_505_screw,7850,0.005154253987112111,"[536.1578947368421, 341.0, 505.0]"
K06_End_True_341_505_outer_washer,7850,0.0007738162893809079,"[550.5, 341.0, 505.0]"
K06_End_True_341_505_inner_washer,7850,0.0007738162893809079,"[520.5, 341.0, 505.0]"
K06_End_True_341_505_nut,7850,0.0011723533112148225,"[517.5, 341.0, 505.00000000000006]"
K07_Seat_False_20_155_screw,7850,0.005154253987112092,"[20.0, 13.842105263157894, 155.0]"
K07_Seat_False_20_155_outer_washer,7850,0.000773816289380908,"[19.999999999999996, -0.5, 155.0]"
K07_Seat_False_20_155_inner_washer,7850,0.000773816289380908,"[19.999999999999996, 29.5, 155.0]"
K07_Seat_False_20_155_nut,7850,0.001172353311214825,"[20.0, 32.5, 155.0]"
K07_Seat_False_20_255_screw,7850,0.005154253987112099,"[20.0, 13.842105263157894, 255.0]"
K07_Seat_False_20_255_outer_washer,7850,0.000773816289380908,"[20.0, -0.5, 255.0]"
K07_Seat_False_20_255_inner_washer,7850,0.0007738162893809082,"[20.0, 29.5, 255.0]"
K07_Seat_False_20_255_nut,7850,0.0011723533112148244,"[20.0, 32.5, 255.0]"
K07_Seat_False_20_355_screw,7850,0.005154253987112099,"[20.0, 13.842105263157887, 355.0]"
K07_Seat_False_20_355_outer_washer,7850,0.0007738162893809079,"[20.0, -0.49999999999999983, 354.99999999999994]"
K07_Seat_False_20_355_inner_washer,7850,0.0007738162893809081,"[20.0, 29.5, 355.0]"
K07_Seat_False_20_355_nut,7850,0.0011723533112148236,"[20.0, 32.5, 355.0]"
K07_Seat_False_20_455_screw,7850,0.005154253987112099,"[20.0, 13.842105263157887, 455.0]"
K07_Seat_False_20_455_outer_washer,7850,0.0007738162893809079,"[20.0, -0.49999999999999983, 455.0]"
K07_Seat_False_20_455_inner_washer,7850,0.0007738162893809081,"[20.0, 29.5, 455.0]"
K07_Seat_False_20_455_nut,7850,0.0011723533112148236,"[20.0, 32.5, 455.0]"
K07_Seat_False_530_155_screw,7850,0.0051542539871120814,"[530.0, 13.842105263157896, 155.0]"
K07_Seat_False_530_155_outer_washer,7850,0.000773816289380907,"[530.0, -0.49999999999999983, 155.0]"
K07_Seat_False_530_155_inner_washer,7850,0.0007738162893809071,"[530.0, 29.5, 155.0]"
K07_Seat_False_530_155_nut,7850,0.0011723533112148253,"[530.0, 32.5, 155.0]"
K07_Seat_False_530_255_screw,7850,0.005154253987112087,"[530.0, 13.842105263157901, 255.0]"
K07_Seat_False_530_255_outer_washer,7850,0.000773816289380907,"[530.0, -0.49999999999999983, 255.0]"
K07_Seat_False_530_255_inner_washer,7850,0.0007738162893809071,"[530.0, 29.5, 255.0]"
K07_Seat_False_530_255_nut,7850,0.0011723533112148246,"[530.0, 32.5, 255.0]"
K07_Seat_False_530_355_screw,7850,0.005154253987112088,"[530.0, 13.84210526315789, 355.0]"
K07_Seat_False_530_355_outer_washer,7850,0.0007738162893809071,"[530.0, -0.4999999999999998, 355.0]"
K07_Seat_False_530_355_inner_washer,7850,0.0007738162893809075,"[530.0, 29.500000000000004, 355.0]"
K07_Seat_False_530_355_nut,7850,0.0011723533112148238,"[530.0, 32.5, 355.0]"
K07_Seat_False_530_455_screw,7850,0.005154253987112088,"[530.0, 13.84210526315789, 455.00000000000006]"
K07_Seat_False_530_455_outer_washer,7850,0.0007738162893809071,"[530.0, -0.4999999999999998, 455.0]"
K07_Seat_False_530_455_inner_washer,7850,0.0007738162893809075,"[530.0, 29.500000000000004, 455.0]"
K07_Seat_False_530_455_nut,7850,0.0011723533112148238,"[530.0, 32.5, 455.00000000000006]"
K07_Seat_True_20_155_screw,7850,0.005154253987112092,"[20.0, 346.1578947368421, 155.0]"
K07_Seat_True_20_155_outer_washer,7850,0.0007738162893809081,"[20.0, 360.49999999999994, 155.0]"
K07_Seat_True_20_155_inner_washer,7850,0.0007738162893809081,"[20.0, 330.5, 155.0]"
K07_Seat_True_20_155_nut,7850,0.0011723533112148249,"[20.0, 327.5, 155.0]"
K07_Seat_True_20_255_screw,7850,0.005154253987112099,"[20.0, 346.1578947368421, 255.0]"
K07_Seat_True_20_255_outer_washer,7850,0.0007738162893809081,"[20.0, 360.49999999999994, 255.0]"
K07_Seat_True_20_255_inner_washer,7850,0.0007738162893809081,"[20.0, 330.5, 255.0]"
K07_Seat_True_20_255_nut,7850,0.0011723533112148244,"[20.0, 327.5, 255.0]"
K07_Seat_True_20_355_screw,7850,0.005154253987112099,"[20.0, 346.15789473684214, 355.0]"
K07_Seat_True_20_355_outer_washer,7850,0.000773816289380908,"[20.0, 360.5, 355.0]"
K07_Seat_True_20_355_inner_washer,7850,0.000773816289380908,"[20.0, 330.5, 355.0]"
K07_Seat_True_20_355_nut,7850,0.0011723533112148233,"[20.0, 327.5, 355.0]"
K07_Seat_True_20_455_screw,7850,0.005154253987112099,"[20.0, 346.15789473684214, 455.0]"
K07_Seat_True_20_455_outer_washer,7850,0.000773816289380908,"[20.0, 360.5, 455.0]"
K07_Seat_True_20_455_inner_washer,7850,0.000773816289380908,"[20.0, 330.5, 455.0]"
K07_Seat_True_20_455_nut,7850,0.0011723533112148233,"[20.0, 327.5, 455.0]"
K07_Seat_True_530_155_screw,7850,0.0051542539871120814,"[530.0, 346.1578947368421, 155.0]"
K07_Seat_True_530_155_outer_washer,7850,0.0007738162893809071,"[530.0, 360.5, 155.0]"
K07_Seat_True_530_155_inner_washer,7850,0.0007738162893809071,"[530.0, 330.5, 155.0]"
K07_Seat_True_530_155_nut,7850,0.001172353311214825,"[530.0, 327.5, 155.0]"
K07_Seat_True_530_255_screw,7850,0.005154253987112087,"[530.0, 346.1578947368421, 255.0]"
K07_Seat_True_530_255_outer_washer,7850,0.000773816289380907,"[530.0, 360.5, 255.0]"
K07_Seat_True_530_255_inner_washer,7850,0.000773816289380907,"[530.0, 330.5, 255.0]"
K07_Seat_True_530_255_nut,7850,0.0011723533112148249,"[530.0, 327.5, 255.0]"
K07_Seat_True_530_355_screw,7850,0.005154253987112088,"[530.0, 346.15789473684214, 355.0]"
K07_Seat_True_530_355_outer_washer,7850,0.0007738162893809072,"[530.0, 360.49999999999994, 355.0]"
K07_Seat_True_530_355_inner_washer,7850,0.0007738162893809072,"[530.0, 330.5, 355.0]"
K07_Seat_True_530_355_nut,7850,0.0011723533112148242,"[530.0, 327.5, 355.0]"
K07_Seat_True_530_455_screw,7850,0.005154253987112088,"[530.0, 346.15789473684214, 455.00000000000006]"
K07_Seat_True_530_455_outer_washer,7850,0.0007738162893809072,"[530.0, 360.49999999999994, 455.0]"
K07_Seat_True_530_455_inner_washer,7850,0.0007738162893809072,"[530.0, 330.5, 455.0]"
K07_Seat_True_530_455_nut,7850,0.0011723533112148242,"[530.0, 327.5, 455.00000000000006]"
K10_washer_H10_False_19_19,7850,0.0007738162893809077,"[19.0, 19.0, 19.5]"
K10_head_H10_False_19_19,7850,0.0012084136142033143,"[19.0, 19.0, 17.0]"
K10_washer_H10_False_19_341,7850,0.0007738162893809079,"[19.0, 341.0, 19.5]"
K10_head_H10_False_19_341,7850,0.0012084136142033154,"[19.0, 341.0, 17.0]"
K10_washer_H10_False_531_19,7850,0.000773816289380907,"[531.0, 19.0, 19.5]"
K10_head_H10_False_531_19,7850,0.0012084136142033123,"[531.0, 19.0, 17.0]"
K10_washer_H10_False_531_341,7850,0.0007738162893809071,"[531.0, 341.0, 19.5]"
K10_head_H10_False_531_341,7850,0.001208413614203313,"[531.0, 341.0, 17.0]"
K10_washer_H10_True_19_19,7850,0.0007738162893809077,"[19.0, 19.0, 580.5]"
K10_head_H10_True_19_19,7850,0.0012084136142033143,"[19.0, 19.0, 583.0]"
K10_washer_H10_True_19_341,7850,0.0007738162893809079,"[19.0, 341.0, 580.5]"
K10_head_H10_True_19_341,7850,0.0012084136142033154,"[19.0, 341.0, 583.0]"
K10_washer_H10_True_531_19,7850,0.000773816289380907,"[531.0, 19.0, 580.5]"
K10_head_H10_True_531_19,7850,0.0012084136142033123,"[531.0, 19.0, 583.0]"
K10_washer_H10_True_531_341,7850,0.0007738162893809071,"[531.0, 341.0, 580.5]"
K10_head_H10_True_531_341,7850,0.001208413614203313,"[531.0, 341.0, 583.0]"
K08_M08_Foot_25_15_screw,7850,0.0041677938938849005,"[40.0, 30.0, 18.071005917159763]"
K08_M08_Foot_25_15_lower_washer,7850,0.0007738162893809077,"[40.0, 30.0, 8.5]"
K08_M08_Foot_25_15_upper_washer,7850,0.0007738162893809077,"[40.0, 30.0, 29.499999999999996]"
K08_M08_Foot_25_15_nut,7850,0.0011723533112148249,"[40.0, 29.999999999999996, 32.5]"
K08_M08_Foot_25_315_screw,7850,0.004167793893884907,"[40.0, 330.0, 18.071005917159766]"
K08_M08_Foot_25_315_lower_washer,7850,0.0007738162893809081,"[40.0, 330.0, 8.5]"
K08_M08_Foot_25_315_upper_washer,7850,0.0007738162893809081,"[40.0, 330.0, 29.5]"
K08_M08_Foot_25_315_nut,7850,0.0011723533112148236,"[40.0, 330.0, 32.5]"
K08_M08_Foot_495_15_screw,7850,0.004167793893884906,"[510.0, 30.0, 18.071005917159766]"
K08_M08_Foot_495_15_lower_washer,7850,0.0007738162893809068,"[510.0, 30.0, 8.5]"
K08_M08_Foot_495_15_upper_washer,7850,0.0007738162893809068,"[510.0, 30.0, 29.5]"
K08_M08_Foot_495_15_nut,7850,0.001172353311214823,"[510.0, 30.0, 32.5]"
K08_M08_Foot_495_315_screw,7850,0.0041677938938849135,"[510.0, 330.0, 18.071005917159763]"
K08_M08_Foot_495_315_lower_washer,7850,0.0007738162893809069,"[510.0, 330.0, 8.5]"
K08_M08_Foot_495_315_upper_washer,7850,0.0007738162893809069,"[510.0, 330.0, 29.5]"
K08_M08_Foot_495_315_nut,7850,0.001172353311214822,"[510.0, 330.0, 32.5]"
