id,kind,qty,x_mm,y_mm,z_mm,volume_mm3,status,note
M01_Base,panel,1,550.0,360.0,9.0,1780854.8894777661,REVIEW ONLY,PROPOSED GEOMETRY; review required
M02_Left,panel,1,9.0,360.0,542.0,1754934.8894777661,REVIEW ONLY,PROPOSED GEOMETRY; review required
M02_Right,panel,1,9.0,360.0,542.0,1754934.8894777661,REVIEW ONLY,PROPOSED GEOMETRY; review required
M03_Seat_Front,panel,1,532.0,9.0,542.0,603567.7370167692,REVIEW ONLY,PROPOSED GEOMETRY; review required
S01_Filter_seal_Front,seal,1,495.29999999999995,3.0,495.29999999999995,58235.99999999991,REVIEW ONLY,ASSUMED 4mm free foam to3mm installed; compression force and frame landing unverified
M03_Seat_Rear,panel,1,532.0,9.0,542.0,603567.7370167692,REVIEW ONLY,PROPOSED GEOMETRY; review required
S01_Filter_seal_Rear,seal,1,495.29999999999995,3.0,495.29999999999995,58235.99999999991,REVIEW ONLY,ASSUMED 4mm free foam to3mm installed; compression force and frame landing unverified
S02_Fan_seal_1,seal,1,140.0,140.0,1.0,5391.644569315585,REVIEW ONLY,PROPOSED GEOMETRY; review required
F02_P14_Max_1,fan,1,140.0,140.0,27.0,194585.88243233695,REVIEW ONLY,"OEM140x140x27,125pitch; simplified rotor, no claimed rotor clearance"
S02_Fan_seal_2,seal,1,140.0,140.0,1.0,5391.644569315585,REVIEW ONLY,PROPOSED GEOMETRY; review required
F02_P14_Max_2,fan,1,140.0,140.0,27.0,194585.8824323369,REVIEW ONLY,"OEM140x140x27,125pitch; simplified rotor, no claimed rotor clearance"
S02_Fan_seal_3,seal,1,140.0,140.0,1.0,5391.644569315585,REVIEW ONLY,PROPOSED GEOMETRY; review required
F02_P14_Max_3,fan,1,140.0,140.0,27.0,194585.88243233692,REVIEW ONLY,"OEM140x140x27,125pitch; simplified rotor, no claimed rotor clearance"
S02_Fan_seal_4,seal,1,140.0,140.0,1.0,5391.6445693155865,REVIEW ONLY,PROPOSED GEOMETRY; review required
F02_P14_Max_4,fan,1,140.0,140.0,27.0,194585.88243233692,REVIEW ONLY,"OEM140x140x27,125pitch; simplified rotor, no claimed rotor clearance"
M06_Fan_plate,panel,1,550.0,360.0,9.0,1268781.5387120093,REVIEW ONLY,"R02G guard holes x105/445, y60/120/240/300. Separate inner/outer fixings. Other R01 holes retained."
M07_Cleat_9_9,support,1,20.0,20.0,542.0,212697.2763439526,REVIEW ONLY,PROPOSED GEOMETRY; review required
M07_Cleat_9_331,support,1,20.0,20.0,542.0,212697.2763439526,REVIEW ONLY,PROPOSED GEOMETRY; review required
M07_Cleat_521_9,support,1,20.0,20.0,542.0,212697.27634395263,REVIEW ONLY,PROPOSED GEOMETRY; review required
M07_Cleat_521_331,support,1,20.0,20.0,542.0,212697.27634395263,REVIEW ONLY,PROPOSED GEOMETRY; review required
M08_Foot_25_15,support,1,30.0,30.0,20.0,16807.176539340126,REVIEW ONLY,"Proposed30x30x20 foot,4.5 through bore and12dia x9 underside recess. Exact foot material/load/compression/tear capacity unselected."
M08_Foot_25_315,support,1,30.0,30.0,20.0,16807.176539340126,REVIEW ONLY,"Proposed30x30x20 foot,4.5 through bore and12dia x9 underside recess. Exact foot material/load/compression/tear capacity unselected."
M08_Foot_495_15,support,1,30.0,30.0,20.0,16807.176539340126,REVIEW ONLY,"Proposed30x30x20 foot,4.5 through bore and12dia x9 underside recess. Exact foot material/load/compression/tear capacity unselected."
M08_Foot_495_315,support,1,30.0,30.0,20.0,16807.176539340126,REVIEW ONLY,"Proposed30x30x20 foot,4.5 through bore and12dia x9 underside recess. Exact foot material/load/compression/tear capacity unselected."
E01_Control_box_RESERVATION,reservation,1,40.0,140.0,100.0,560000.0,RESERVATION - NOT A PART,"140x100x40 external reservation; exact enclosure, mounting, glands and routing NOT detailed"
H10_False_19_19,hardware,1,2.3999999999999986,2.3999999999999986,25.0,113.09733552923254,REVIEW ONLY,"Proposed4x25 wood screw, core-only envelope. Pilot/core are not actual threads. Head/washer separate; end-grain withdrawal and torque unverified."
H10_False_19_341,hardware,1,2.3999999999999986,2.3999999999999773,25.0,113.09733552923275,REVIEW ONLY,"Proposed4x25 wood screw, core-only envelope. Pilot/core are not actual threads. Head/washer separate; end-grain withdrawal and torque unverified."
H10_False_531_19,hardware,1,2.400000000000091,2.3999999999999986,25.0,113.09733552923335,REVIEW ONLY,"Proposed4x25 wood screw, core-only envelope. Pilot/core are not actual threads. Head/washer separate; end-grain withdrawal and torque unverified."
H10_False_531_341,hardware,1,2.400000000000091,2.3999999999999773,25.0,113.09733552923359,REVIEW ONLY,"Proposed4x25 wood screw, core-only envelope. Pilot/core are not actual threads. Head/washer separate; end-grain withdrawal and torque unverified."
H10_True_19_19,hardware,1,2.3999999999999986,2.3999999999999986,20.0,90.47786842338604,REVIEW ONLY,"Proposed4x20 wood screw, core-only envelope. Pilot/core are not actual threads. Head/washer separate; end-grain withdrawal and torque unverified."
H10_True_19_341,hardware,1,2.3999999999999986,2.3999999999999773,20.0,90.47786842338621,REVIEW ONLY,"Proposed4x20 wood screw, core-only envelope. Pilot/core are not actual threads. Head/washer separate; end-grain withdrawal and torque unverified."
H10_True_531_19,hardware,1,2.400000000000091,2.3999999999999986,20.0,90.4778684233867,REVIEW ONLY,"Proposed4x20 wood screw, core-only envelope. Pilot/core are not actual threads. Head/washer separate; end-grain withdrawal and torque unverified."
H10_True_531_341,hardware,1,2.400000000000091,2.3999999999999773,20.0,90.47786842338688,REVIEW ONLY,"Proposed4x20 wood screw, core-only envelope. Pilot/core are not actual threads. Head/washer separate; end-grain withdrawal and torque unverified."
E02_Cable_corridor_0,reservation,1,130.0,12.0,12.0,14702.65361880022,RESERVATION - NOT A PART,12mm corridor is NOT a drilled gland hole. Select closed-entry gland/connector and restraint; preserve guard access protection.
E02_Cable_corridor_1,reservation,1,12.0,12.0,105.0,11875.22023056941,RESERVATION - NOT A PART,12mm corridor is NOT a drilled gland hole. Select closed-entry gland/connector and restraint; preserve guard access protection.
A01_Reducer_Front,panel,1,550.0,9.0,550.0,1865811.4551715115,REVIEW ONLY,550x550x9; opening350x270. Existing eight M5 studs retain adapter; new M4 feedthroughs require sealed washers. Seal/contact forces and panel stiffness unknown.
A02_Filter_gasket_Front,seal,1,370.0,3.0,290.0,38400.0,REVIEW ONLY,"ASSUMED10mm flat border,3mm installed gasket. OEM border flatness and compression NOT verified."
A03_STARKVIND_envelope_Front,filter,1,370.0,40.0,290.0,4291999.999999999,REVIEW ONLY,IKEA104.633.30 published370x290x40 envelope. OEM specifies STARKVIND-only; custom use experimental. No MERV/HEPA/airflow claim.
A04_Retainer_Front,panel,1,410.0,9.0,330.0,366627.4447388832,REVIEW ONLY,"410x330x9, opening350x270; four M4 studs. Unknown frame strength/contact/torque; head/nut details omitted."
A06_Feedthrough_seal_0_Front,seal,1,10.0,1.0,10.0,65.97344572538562,REVIEW ONLY,Assumed installed sealing washer envelope; exact product and compression unverified.
A06_Feedthrough_seal_1_Front,seal,1,10.0,1.0,10.0,65.97344572538564,REVIEW ONLY,Assumed installed sealing washer envelope; exact product and compression unverified.
A06_Feedthrough_seal_2_Front,seal,1,10.0,1.0,10.0,65.97344572538552,REVIEW ONLY,Assumed installed sealing washer envelope; exact product and compression unverified.
A06_Feedthrough_seal_3_Front,seal,1,10.0,1.0,10.0,65.97344572538559,REVIEW ONLY,Assumed installed sealing washer envelope; exact product and compression unverified.
A07_Ledge_130_Front,support,1,30.0,43.0,22.0,3748.191374382404,REVIEW ONLY,"Proposed bent2mm bracket,43mm shelf and20mm downstand,30mm width. Root radius/material/strength not resolved."
A09_Ledge_seal_130_Front,seal,1,10.0,1.0,10.0,65.97344572538562,REVIEW ONLY,"Seal feedthrough below filter, product unselected; no adhesive-only retention."
A07_Ledge_390_Front,support,1,30.0,43.0,22.0,3748.191374382404,REVIEW ONLY,"Proposed bent2mm bracket,43mm shelf and20mm downstand,30mm width. Root radius/material/strength not resolved."
A09_Ledge_seal_390_Front,seal,1,10.0,1.0,10.0,65.97344572538552,REVIEW ONLY,"Seal feedthrough below filter, product unselected; no adhesive-only retention."
A01_Reducer_Rear,panel,1,550.0,9.0,550.0,1865811.4551715115,REVIEW ONLY,550x550x9; opening350x270. Existing eight M5 studs retain adapter; new M4 feedthroughs require sealed washers. Seal/contact forces and panel stiffness unknown.
A02_Filter_gasket_Rear,seal,1,370.0,3.0,290.0,38400.0,REVIEW ONLY,"ASSUMED10mm flat border,3mm installed gasket. OEM border flatness and compression NOT verified."
A03_STARKVIND_envelope_Rear,filter,1,370.0,40.0,290.0,4291999.999999999,REVIEW ONLY,IKEA104.633.30 published370x290x40 envelope. OEM specifies STARKVIND-only; custom use experimental. No MERV/HEPA/airflow claim.
A04_Retainer_Rear,panel,1,410.0,9.0,330.0,366627.4447388832,REVIEW ONLY,"410x330x9, opening350x270; four M4 studs. Unknown frame strength/contact/torque; head/nut details omitted."
A06_Feedthrough_seal_0_Rear,seal,1,10.0,1.0,10.0,65.97344572538562,REVIEW ONLY,Assumed installed sealing washer envelope; exact product and compression unverified.
A06_Feedthrough_seal_1_Rear,seal,1,10.0,1.0,10.0,65.97344572538564,REVIEW ONLY,Assumed installed sealing washer envelope; exact product and compression unverified.
A06_Feedthrough_seal_2_Rear,seal,1,10.0,1.0,10.0,65.97344572538552,REVIEW ONLY,Assumed installed sealing washer envelope; exact product and compression unverified.
A06_Feedthrough_seal_3_Rear,seal,1,10.0,1.0,10.0,65.97344572538559,REVIEW ONLY,Assumed installed sealing washer envelope; exact product and compression unverified.
A07_Ledge_130_Rear,support,1,30.0,43.0,22.0,3748.191374382403,REVIEW ONLY,"Proposed bent2mm bracket,43mm shelf and20mm downstand,30mm width. Root radius/material/strength not resolved."
A09_Ledge_seal_130_Rear,seal,1,10.0,1.0,10.0,65.97344572538562,REVIEW ONLY,"Seal feedthrough below filter, product unselected; no adhesive-only retention."
A07_Ledge_390_Rear,support,1,30.0,43.0,22.0,3748.191374382403,REVIEW ONLY,"Proposed bent2mm bracket,43mm shelf and20mm downstand,30mm width. Root radius/material/strength not resolved."
A09_Ledge_seal_390_Rear,seal,1,10.0,1.0,10.0,65.97344572538552,REVIEW ONLY,"Seal feedthrough below filter, product unselected; no adhesive-only retention."
A05_Stud_0_Front,hardware,1,4.0,80.0,4.0,1005.3096491487341,REVIEW ONLY,M4x80 proposed stud envelope; replaces R02 70 mm shaft
H10_Service_washer_0_Front,hardware,1,12.0,1.0,12.0,98.57532348801368,REVIEW ONLY,"Nominal hardware envelope; no threads, torque or strength approval"
H10_Outer_fixed_washer_0_Front,hardware,1,12.0,1.0,12.0,98.57532348801368,REVIEW ONLY,"Nominal hardware envelope; no threads, torque or strength approval"
H10_Inner_fixed_washer_0_Front,hardware,1,12.0,1.0,12.0,98.57532348801368,REVIEW ONLY,"Nominal hardware envelope; no threads, torque or strength approval"
H11_Service_nut_0_Front,hardware,1,8.082903768654774,5.0,7.0,149.3443708553919,REVIEW ONLY,"Nominal hardware envelope; no threads, torque or strength approval"
H11_Outer_fixed_nut_0_Front,hardware,1,8.082903768654774,5.0,7.0,149.3443708553919,REVIEW ONLY,"Nominal hardware envelope; no threads, torque or strength approval"
H11_Inner_fixed_nut_0_Front,hardware,1,8.082903768654774,5.0,7.0,149.3443708553919,REVIEW ONLY,"Nominal hardware envelope; no threads, torque or strength approval"
A05_Stud_1_Front,hardware,1,4.0,80.0,4.0,1005.3096491487346,REVIEW ONLY,M4x80 proposed stud envelope; replaces R02 70 mm shaft
H10_Service_washer_1_Front,hardware,1,12.0,1.0,12.0,98.57532348801368,REVIEW ONLY,"Nominal hardware envelope; no threads, torque or strength approval"
H10_Outer_fixed_washer_1_Front,hardware,1,12.0,1.0,12.0,98.57532348801368,REVIEW ONLY,"Nominal hardware envelope; no threads, torque or strength approval"
H10_Inner_fixed_washer_1_Front,hardware,1,12.0,1.0,12.0,98.57532348801368,REVIEW ONLY,"Nominal hardware envelope; no threads, torque or strength approval"
H11_Service_nut_1_Front,hardware,1,8.082903768654774,5.0,7.0,149.34437085539187,REVIEW ONLY,"Nominal hardware envelope; no threads, torque or strength approval"
H11_Outer_fixed_nut_1_Front,hardware,1,8.082903768654774,5.0,7.0,149.34437085539187,REVIEW ONLY,"Nominal hardware envelope; no threads, torque or strength approval"
H11_Inner_fixed_nut_1_Front,hardware,1,8.082903768654774,5.0,7.0,149.34437085539187,REVIEW ONLY,"Nominal hardware envelope; no threads, torque or strength approval"
A05_Stud_2_Front,hardware,1,4.0,80.0,4.0,1005.3096491487369,REVIEW ONLY,M4x80 proposed stud envelope; replaces R02 70 mm shaft
H10_Service_washer_2_Front,hardware,1,12.0,1.0,12.0,98.5753234880137,REVIEW ONLY,"Nominal hardware envelope; no threads, torque or strength approval"
H10_Outer_fixed_washer_2_Front,hardware,1,12.0,1.0,12.0,98.5753234880137,REVIEW ONLY,"Nominal hardware envelope; no threads, torque or strength approval"
H10_Inner_fixed_washer_2_Front,hardware,1,12.0,1.0,12.0,98.5753234880137,REVIEW ONLY,"Nominal hardware envelope; no threads, torque or strength approval"
H11_Service_nut_2_Front,hardware,1,8.082903768654774,5.000000000000014,7.0,149.34437085539074,REVIEW ONLY,"Nominal hardware envelope; no threads, torque or strength approval"
H11_Outer_fixed_nut_2_Front,hardware,1,8.082903768654774,5.0000000000000036,7.0,149.34437085539074,REVIEW ONLY,"Nominal hardware envelope; no threads, torque or strength approval"
H11_Inner_fixed_nut_2_Front,hardware,1,8.082903768654774,5.0,7.0,149.34437085539074,REVIEW ONLY,"Nominal hardware envelope; no threads, torque or strength approval"
A05_Stud_3_Front,hardware,1,4.0,80.0,4.0,1005.3096491487374,REVIEW ONLY,M4x80 proposed stud envelope; replaces R02 70 mm shaft
H10_Service_washer_3_Front,hardware,1,12.0,1.0,12.0,98.57532348801374,REVIEW ONLY,"Nominal hardware envelope; no threads, torque or strength approval"
H10_Outer_fixed_washer_3_Front,hardware,1,12.0,1.0,12.0,98.57532348801374,REVIEW ONLY,"Nominal hardware envelope; no threads, torque or strength approval"
H10_Inner_fixed_washer_3_Front,hardware,1,12.0,1.0,12.0,98.57532348801374,REVIEW ONLY,"Nominal hardware envelope; no threads, torque or strength approval"
H11_Service_nut_3_Front,hardware,1,8.082903768654774,5.000000000000014,7.0,149.3443708553907,REVIEW ONLY,"Nominal hardware envelope; no threads, torque or strength approval"
H11_Outer_fixed_nut_3_Front,hardware,1,8.082903768654774,5.0000000000000036,7.0,149.3443708553907,REVIEW ONLY,"Nominal hardware envelope; no threads, torque or strength approval"
H11_Inner_fixed_nut_3_Front,hardware,1,8.082903768654774,5.0,7.0,149.3443708553907,REVIEW ONLY,"Nominal hardware envelope; no threads, torque or strength approval"
A08_Ledge_bolt_130_Front,hardware,1,7.0,29.0,7.0,468.09730538487935,REVIEW ONLY,"M4x25 nominal cap screw, 7 dia x4 head; socket/threads omitted"
H12_Outer_washer_130_Front,hardware,1,12.0,1.0,12.0,98.57532348801371,REVIEW ONLY,"Nominal hardware envelope; no threads, torque or strength approval"
H12_Inner_washer_130_Front,hardware,1,12.0,1.0,12.0,98.57532348801371,REVIEW ONLY,"Nominal hardware envelope; no threads, torque or strength approval"
H13_Ledge_nut_130_Front,hardware,1,8.082903768654774,5.0,7.0,149.3443708553919,REVIEW ONLY,"Nominal hardware envelope; no threads, torque or strength approval"
A08_Ledge_bolt_390_Front,hardware,1,7.0,29.0,7.0,468.0973053848804,REVIEW ONLY,"M4x25 nominal cap screw, 7 dia x4 head; socket/threads omitted"
H12_Outer_washer_390_Front,hardware,1,12.0,1.0,12.0,98.5753234880137,REVIEW ONLY,"Nominal hardware envelope; no threads, torque or strength approval"
H12_Inner_washer_390_Front,hardware,1,12.0,1.0,12.0,98.5753234880137,REVIEW ONLY,"Nominal hardware envelope; no threads, torque or strength approval"
H13_Ledge_nut_390_Front,hardware,1,8.082903768654774,5.0,7.0,149.3443708553907,REVIEW ONLY,"Nominal hardware envelope; no threads, torque or strength approval"
A05_Stud_0_Rear,hardware,1,4.0,80.0,4.0,1005.3096491487341,REVIEW ONLY,M4x80 proposed stud envelope; replaces R02 70 mm shaft
H10_Service_washer_0_Rear,hardware,1,12.0,1.0,12.0,98.57532348801368,REVIEW ONLY,"Nominal hardware envelope; no threads, torque or strength approval"
H10_Outer_fixed_washer_0_Rear,hardware,1,12.0,1.0,12.0,98.57532348801368,REVIEW ONLY,"Nominal hardware envelope; no threads, torque or strength approval"
H10_Inner_fixed_washer_0_Rear,hardware,1,12.0,1.0,12.0,98.57532348801368,REVIEW ONLY,"Nominal hardware envelope; no threads, torque or strength approval"
H11_Service_nut_0_Rear,hardware,1,8.082903768654774,5.0,7.0,149.3443708553919,REVIEW ONLY,"Nominal hardware envelope; no threads, torque or strength approval"
H11_Outer_fixed_nut_0_Rear,hardware,1,8.082903768654774,5.0,7.0,149.3443708553919,REVIEW ONLY,"Nominal hardware envelope; no threads, torque or strength approval"
H11_Inner_fixed_nut_0_Rear,hardware,1,8.082903768654774,5.0,7.0,149.3443708553919,REVIEW ONLY,"Nominal hardware envelope; no threads, torque or strength approval"
A05_Stud_1_Rear,hardware,1,4.0,80.0,4.0,1005.3096491487346,REVIEW ONLY,M4x80 proposed stud envelope; replaces R02 70 mm shaft
H10_Service_washer_1_Rear,hardware,1,12.0,1.0,12.0,98.5753234880138,REVIEW ONLY,"Nominal hardware envelope; no threads, torque or strength approval"
H10_Outer_fixed_washer_1_Rear,hardware,1,12.0,1.0,12.0,98.5753234880138,REVIEW ONLY,"Nominal hardware envelope; no threads, torque or strength approval"
H10_Inner_fixed_washer_1_Rear,hardware,1,12.0,1.0,12.0,98.5753234880138,REVIEW ONLY,"Nominal hardware envelope; no threads, torque or strength approval"
H11_Service_nut_1_Rear,hardware,1,8.082903768654774,5.0,7.0,149.34437085539187,REVIEW ONLY,"Nominal hardware envelope; no threads, torque or strength approval"
H11_Outer_fixed_nut_1_Rear,hardware,1,8.082903768654774,5.0,7.0,149.34437085539187,REVIEW ONLY,"Nominal hardware envelope; no threads, torque or strength approval"
H11_Inner_fixed_nut_1_Rear,hardware,1,8.082903768654774,5.0,7.0,149.34437085539187,REVIEW ONLY,"Nominal hardware envelope; no threads, torque or strength approval"
A05_Stud_2_Rear,hardware,1,4.0,80.0,4.0,1005.3096491487369,REVIEW ONLY,M4x80 proposed stud envelope; replaces R02 70 mm shaft
H10_Service_washer_2_Rear,hardware,1,12.0,1.0,12.0,98.5753234880137,REVIEW ONLY,"Nominal hardware envelope; no threads, torque or strength approval"
H10_Outer_fixed_washer_2_Rear,hardware,1,12.0,1.0,12.0,98.5753234880137,REVIEW ONLY,"Nominal hardware envelope; no threads, torque or strength approval"
H10_Inner_fixed_washer_2_Rear,hardware,1,12.0,1.0,12.0,98.5753234880137,REVIEW ONLY,"Nominal hardware envelope; no threads, torque or strength approval"
H11_Service_nut_2_Rear,hardware,1,8.082903768654774,5.0,7.0,149.34437085539074,REVIEW ONLY,"Nominal hardware envelope; no threads, torque or strength approval"
H11_Outer_fixed_nut_2_Rear,hardware,1,8.082903768654774,5.0,7.0,149.34437085539074,REVIEW ONLY,"Nominal hardware envelope; no threads, torque or strength approval"
H11_Inner_fixed_nut_2_Rear,hardware,1,8.082903768654774,5.0,7.0,149.34437085539074,REVIEW ONLY,"Nominal hardware envelope; no threads, torque or strength approval"
A05_Stud_3_Rear,hardware,1,4.0,80.0,4.0,1005.3096491487374,REVIEW ONLY,M4x80 proposed stud envelope; replaces R02 70 mm shaft
H10_Service_washer_3_Rear,hardware,1,12.0,1.0,12.0,98.57532348801385,REVIEW ONLY,"Nominal hardware envelope; no threads, torque or strength approval"
H10_Outer_fixed_washer_3_Rear,hardware,1,12.0,1.0,12.0,98.57532348801385,REVIEW ONLY,"Nominal hardware envelope; no threads, torque or strength approval"
H10_Inner_fixed_washer_3_Rear,hardware,1,12.0,1.0,12.0,98.57532348801385,REVIEW ONLY,"Nominal hardware envelope; no threads, torque or strength approval"
H11_Service_nut_3_Rear,hardware,1,8.082903768654774,5.0,7.0,149.3443708553907,REVIEW ONLY,"Nominal hardware envelope; no threads, torque or strength approval"
H11_Outer_fixed_nut_3_Rear,hardware,1,8.082903768654774,5.0,7.0,149.3443708553907,REVIEW ONLY,"Nominal hardware envelope; no threads, torque or strength approval"
H11_Inner_fixed_nut_3_Rear,hardware,1,8.082903768654774,5.0,7.0,149.3443708553907,REVIEW ONLY,"Nominal hardware envelope; no threads, torque or strength approval"
A08_Ledge_bolt_130_Rear,hardware,1,7.0,29.0,7.0,468.09730538487935,REVIEW ONLY,"M4x25 nominal cap screw, 7 dia x4 head; socket/threads omitted"
H12_Outer_washer_130_Rear,hardware,1,12.0,1.0,12.0,98.57532348801371,REVIEW ONLY,"Nominal hardware envelope; no threads, torque or strength approval"
H12_Inner_washer_130_Rear,hardware,1,12.0,1.0,12.0,98.57532348801371,REVIEW ONLY,"Nominal hardware envelope; no threads, torque or strength approval"
H13_Ledge_nut_130_Rear,hardware,1,8.082903768654774,5.0,7.0,149.3443708553919,REVIEW ONLY,"Nominal hardware envelope; no threads, torque or strength approval"
A08_Ledge_bolt_390_Rear,hardware,1,7.0,29.0,7.0,468.0973053848804,REVIEW ONLY,"M4x25 nominal cap screw, 7 dia x4 head; socket/threads omitted"
H12_Outer_washer_390_Rear,hardware,1,12.0,1.0,12.0,98.5753234880137,REVIEW ONLY,"Nominal hardware envelope; no threads, torque or strength approval"
H12_Inner_washer_390_Rear,hardware,1,12.0,1.0,12.0,98.5753234880137,REVIEW ONLY,"Nominal hardware envelope; no threads, torque or strength approval"
H13_Ledge_nut_390_Rear,hardware,1,8.082903768654774,5.0,7.0,149.3443708553907,REVIEW ONLY,"Nominal hardware envelope; no threads, torque or strength approval"
J01_Outer_105_120_Screw,hardware,1,7.0,7.0,24.0,405.2654523130832,REVIEW ONLY,"Proposed M4 hardware envelope, not approved grade/torque; threads/socket omitted"
J01_Outer_105_120_Upper_washer,hardware,1,12.0,12.0,1.0,98.5753234880137,REVIEW ONLY,"Proposed M4 hardware envelope, not approved grade/torque; threads/socket omitted"
J01_Outer_105_120_Lower_washer,hardware,1,12.0,12.0,1.0,98.5753234880137,REVIEW ONLY,"Proposed M4 hardware envelope, not approved grade/torque; threads/socket omitted"
J01_Outer_105_120_Nut,hardware,1,8.082903768654774,7.0,5.0,149.34437085539201,REVIEW ONLY,"Proposed M4 hardware envelope, not approved grade/torque; threads/socket omitted"
J01_Outer_105_240_Screw,hardware,1,7.0,7.0,24.0,405.26545231308313,REVIEW ONLY,"Proposed M4 hardware envelope, not approved grade/torque; threads/socket omitted"
J01_Outer_105_240_Upper_washer,hardware,1,12.0,12.0,1.0,98.57532348801372,REVIEW ONLY,"Proposed M4 hardware envelope, not approved grade/torque; threads/socket omitted"
J01_Outer_105_240_Lower_washer,hardware,1,12.0,12.0,1.0,98.57532348801372,REVIEW ONLY,"Proposed M4 hardware envelope, not approved grade/torque; threads/socket omitted"
J01_Outer_105_240_Nut,hardware,1,8.082903768654774,7.0,5.0,149.34437085539201,REVIEW ONLY,"Proposed M4 hardware envelope, not approved grade/torque; threads/socket omitted"
J01_Outer_445_120_Screw,hardware,1,7.0,7.0,24.0,405.26545231308353,REVIEW ONLY,"Proposed M4 hardware envelope, not approved grade/torque; threads/socket omitted"
J01_Outer_445_120_Upper_washer,hardware,1,12.0,12.0,1.0,98.57532348801368,REVIEW ONLY,"Proposed M4 hardware envelope, not approved grade/torque; threads/socket omitted"
J01_Outer_445_120_Lower_washer,hardware,1,12.0,12.0,1.0,98.57532348801368,REVIEW ONLY,"Proposed M4 hardware envelope, not approved grade/torque; threads/socket omitted"
J01_Outer_445_120_Nut,hardware,1,8.082903768654774,7.0,5.0,149.34437085539093,REVIEW ONLY,"Proposed M4 hardware envelope, not approved grade/torque; threads/socket omitted"
J01_Outer_445_240_Screw,hardware,1,7.0,7.0,24.0,405.2654523130836,REVIEW ONLY,"Proposed M4 hardware envelope, not approved grade/torque; threads/socket omitted"
J01_Outer_445_240_Upper_washer,hardware,1,12.0,12.0,1.0,98.57532348801374,REVIEW ONLY,"Proposed M4 hardware envelope, not approved grade/torque; threads/socket omitted"
J01_Outer_445_240_Lower_washer,hardware,1,12.0,12.0,1.0,98.57532348801374,REVIEW ONLY,"Proposed M4 hardware envelope, not approved grade/torque; threads/socket omitted"
J01_Outer_445_240_Nut,hardware,1,8.082903768654774,7.0,5.0,149.34437085539093,REVIEW ONLY,"Proposed M4 hardware envelope, not approved grade/torque; threads/socket omitted"
J01_Inner_105_60_Screw,hardware,1,7.0,7.0,24.0,405.2654523130833,REVIEW ONLY,"Proposed M4 hardware envelope, not approved grade/torque; threads/socket omitted"
J01_Inner_105_60_Upper_washer,hardware,1,12.0,12.0,1.0,98.5753234880137,REVIEW ONLY,"Proposed M4 hardware envelope, not approved grade/torque; threads/socket omitted"
J01_Inner_105_60_Lower_washer,hardware,1,12.0,12.0,1.0,98.5753234880137,REVIEW ONLY,"Proposed M4 hardware envelope, not approved grade/torque; threads/socket omitted"
J01_Inner_105_60_Nut,hardware,1,8.082903768654774,7.0,5.000000000000114,149.344370855392,REVIEW ONLY,"Proposed M4 hardware envelope, not approved grade/torque; threads/socket omitted"
J01_Inner_105_300_Screw,hardware,1,7.0,7.0,24.0,405.26545231308404,REVIEW ONLY,"Proposed M4 hardware envelope, not approved grade/torque; threads/socket omitted"
J01_Inner_105_300_Upper_washer,hardware,1,12.0,12.0,1.0,98.57532348801374,REVIEW ONLY,"Proposed M4 hardware envelope, not approved grade/torque; threads/socket omitted"
J01_Inner_105_300_Lower_washer,hardware,1,12.0,12.0,1.0,98.57532348801374,REVIEW ONLY,"Proposed M4 hardware envelope, not approved grade/torque; threads/socket omitted"
J01_Inner_105_300_Nut,hardware,1,8.082903768654774,7.0,5.000000000000114,149.34437085539182,REVIEW ONLY,"Proposed M4 hardware envelope, not approved grade/torque; threads/socket omitted"
J01_Inner_445_60_Screw,hardware,1,7.0,7.0,24.0,405.2654523130837,REVIEW ONLY,"Proposed M4 hardware envelope, not approved grade/torque; threads/socket omitted"
J01_Inner_445_60_Upper_washer,hardware,1,12.0,12.0,1.0,98.57532348801368,REVIEW ONLY,"Proposed M4 hardware envelope, not approved grade/torque; threads/socket omitted"
J01_Inner_445_60_Lower_washer,hardware,1,12.0,12.0,1.0,98.57532348801368,REVIEW ONLY,"Proposed M4 hardware envelope, not approved grade/torque; threads/socket omitted"
J01_Inner_445_60_Nut,hardware,1,8.082903768654774,7.0,5.000000000000114,149.3443708553909,REVIEW ONLY,"Proposed M4 hardware envelope, not approved grade/torque; threads/socket omitted"
J01_Inner_445_300_Screw,hardware,1,7.0,7.0,24.0,405.2654523130844,REVIEW ONLY,"Proposed M4 hardware envelope, not approved grade/torque; threads/socket omitted"
J01_Inner_445_300_Upper_washer,hardware,1,12.0,12.0,1.0,98.57532348801374,REVIEW ONLY,"Proposed M4 hardware envelope, not approved grade/torque; threads/socket omitted"
J01_Inner_445_300_Lower_washer,hardware,1,12.0,12.0,1.0,98.57532348801374,REVIEW ONLY,"Proposed M4 hardware envelope, not approved grade/torque; threads/socket omitted"
J01_Inner_445_300_Nut,hardware,1,8.082903768654774,7.0,5.000000000000114,149.34437085539076,REVIEW ONLY,"Proposed M4 hardware envelope, not approved grade/torque; threads/socket omitted"
G10_Outer_fabricated_guard,guard,1,360.0,320.0,51.0,178232.76549753034,REVIEW ONLY,"PROPOSED welded steel sheet/angle assembly. Face perimeter, four vertical corners and four bracket laps joined. Weld process/size/distortion/strength not released; no rivet holes. Perforations not modeled."
G10_Inner_fabricated_guard,guard,1,360.0,320.0,41.0,165472.7654975293,REVIEW ONLY,"PROPOSED welded steel sheet/angle assembly. Face perimeter, four vertical corners and four bracket laps joined. Weld process/size/distortion/strength not released; no rivet holes. Perforations not modeled."
K01_Front_0_stud,hardware,1,5.0,60.0,5.0,1178.0972450961724,REVIEW ONLY,Proposed M5x60 rod; replaces old projecting stud. End treatment/retention pending.
K01_Front_0_outer_washer,hardware,1,15.0,1.1999999999999993,15.0,185.58330282550983,REVIEW ONLY,"Proposed fastener envelope; grade, torque and locking engagement unreleased"
K01_Front_0_inner_washer,hardware,1,15.0,1.1999999999999993,15.0,185.5833028255098,REVIEW ONLY,"Proposed fastener envelope; grade, torque and locking engagement unreleased"
K01_Front_0_outer_nut,hardware,1,9.237604307034015,5.0,8.0,178.95335878633938,REVIEW ONLY,"Proposed fastener envelope; grade, torque and locking engagement unreleased"
K01_Front_0_inner_nut,hardware,1,9.237604307034015,5.0000000000000036,8.0,178.95335878633944,REVIEW ONLY,"Proposed fastener envelope; grade, torque and locking engagement unreleased"
K01_Front_1_stud,hardware,1,5.0,60.0,5.0,1178.0972450961744,REVIEW ONLY,Proposed M5x60 rod; replaces old projecting stud. End treatment/retention pending.
K01_Front_1_outer_washer,hardware,1,15.0,1.1999999999999993,15.0,185.5833028255099,REVIEW ONLY,"Proposed fastener envelope; grade, torque and locking engagement unreleased"
K01_Front_1_inner_washer,hardware,1,15.0,1.1999999999999993,15.0,185.58330282550992,REVIEW ONLY,"Proposed fastener envelope; grade, torque and locking engagement unreleased"
K01_Front_1_outer_nut,hardware,1,9.237604307034015,5.0,8.0,178.9533587863392,REVIEW ONLY,"Proposed fastener envelope; grade, torque and locking engagement unreleased"
K01_Front_1_inner_nut,hardware,1,9.237604307034015,5.0000000000000036,8.0,178.95335878633927,REVIEW ONLY,"Proposed fastener envelope; grade, torque and locking engagement unreleased"
K01_Front_2_stud,hardware,1,5.0,60.0,5.0,1178.097245096168,REVIEW ONLY,Proposed M5x60 rod; replaces old projecting stud. End treatment/retention pending.
K01_Front_2_outer_washer,hardware,1,15.0,1.1999999999999993,15.0,185.58330282550983,REVIEW ONLY,"Proposed fastener envelope; grade, torque and locking engagement unreleased"
K01_Front_2_inner_washer,hardware,1,15.0,1.1999999999999993,15.0,185.5833028255098,REVIEW ONLY,"Proposed fastener envelope; grade, torque and locking engagement unreleased"
K01_Front_2_outer_nut,hardware,1,9.237604307034015,5.0,8.0,178.9533587863397,REVIEW ONLY,"Proposed fastener envelope; grade, torque and locking engagement unreleased"
K01_Front_2_inner_nut,hardware,1,9.237604307034015,5.0000000000000036,8.0,178.95335878633975,REVIEW ONLY,"Proposed fastener envelope; grade, torque and locking engagement unreleased"
K01_Front_3_stud,hardware,1,5.0,60.0,5.0,1178.0972450961724,REVIEW ONLY,Proposed M5x60 rod; replaces old projecting stud. End treatment/retention pending.
K01_Front_3_outer_washer,hardware,1,15.0,1.1999999999999993,15.0,185.58330282550978,REVIEW ONLY,"Proposed fastener envelope; grade, torque and locking engagement unreleased"
K01_Front_3_inner_washer,hardware,1,15.0,1.1999999999999993,15.0,185.58330282550975,REVIEW ONLY,"Proposed fastener envelope; grade, torque and locking engagement unreleased"
K01_Front_3_outer_nut,hardware,1,9.237604307033962,5.0,8.0,178.95335878633904,REVIEW ONLY,"Proposed fastener envelope; grade, torque and locking engagement unreleased"
K01_Front_3_inner_nut,hardware,1,9.237604307033962,5.0000000000000036,8.0,178.95335878633904,REVIEW ONLY,"Proposed fastener envelope; grade, torque and locking engagement unreleased"
K01_Front_4_stud,hardware,1,5.0,60.0,5.0,1178.0972450961744,REVIEW ONLY,Proposed M5x60 rod; replaces old projecting stud. End treatment/retention pending.
K01_Front_4_outer_washer,hardware,1,15.0,1.1999999999999993,15.0,185.58330282550983,REVIEW ONLY,"Proposed fastener envelope; grade, torque and locking engagement unreleased"
K01_Front_4_inner_washer,hardware,1,15.0,1.1999999999999993,15.0,185.58330282550986,REVIEW ONLY,"Proposed fastener envelope; grade, torque and locking engagement unreleased"
K01_Front_4_outer_nut,hardware,1,9.237604307033962,5.0,8.0,178.95335878633887,REVIEW ONLY,"Proposed fastener envelope; grade, torque and locking engagement unreleased"
K01_Front_4_inner_nut,hardware,1,9.237604307033962,5.0000000000000036,8.0,178.95335878633887,REVIEW ONLY,"Proposed fastener envelope; grade, torque and locking engagement unreleased"
K01_Front_5_stud,hardware,1,5.0,60.0,5.0,1178.097245096168,REVIEW ONLY,Proposed M5x60 rod; replaces old projecting stud. End treatment/retention pending.
K01_Front_5_outer_washer,hardware,1,15.0,1.1999999999999993,15.0,185.58330282550975,REVIEW ONLY,"Proposed fastener envelope; grade, torque and locking engagement unreleased"
K01_Front_5_inner_washer,hardware,1,15.0,1.1999999999999993,15.0,185.58330282550978,REVIEW ONLY,"Proposed fastener envelope; grade, torque and locking engagement unreleased"
K01_Front_5_outer_nut,hardware,1,9.237604307033962,5.0,8.0,178.95335878633938,REVIEW ONLY,"Proposed fastener envelope; grade, torque and locking engagement unreleased"
K01_Front_5_inner_nut,hardware,1,9.237604307033962,5.0000000000000036,8.0,178.95335878633938,REVIEW ONLY,"Proposed fastener envelope; grade, torque and locking engagement unreleased"
K01_Front_6_stud,hardware,1,5.0,40.0,5.0,785.3981633974494,REVIEW ONLY,Proposed M5x40 rod; replaces old projecting stud. End treatment/retention pending.
K01_Front_6_outer_washer,hardware,1,15.0,1.1999999999999993,15.0,185.58330282550995,REVIEW ONLY,"Proposed fastener envelope; grade, torque and locking engagement unreleased"
K01_Front_6_inner_washer,hardware,1,15.0,1.1999999999999993,15.0,185.58330282550992,REVIEW ONLY,"Proposed fastener envelope; grade, torque and locking engagement unreleased"
K01_Front_6_outer_nut,hardware,1,9.237604307033962,5.0,8.0,178.95335878633938,REVIEW ONLY,"Proposed fastener envelope; grade, torque and locking engagement unreleased"
K01_Front_6_inner_nut,hardware,1,9.237604307033962,5.0,8.0,178.95335878633938,REVIEW ONLY,"Proposed fastener envelope; grade, torque and locking engagement unreleased"
K01_Front_7_stud,hardware,1,5.0,40.0,5.0,785.3981633974465,REVIEW ONLY,Proposed M5x40 rod; replaces old projecting stud. End treatment/retention pending.
K01_Front_7_outer_washer,hardware,1,15.0,1.1999999999999993,15.0,185.58330282550995,REVIEW ONLY,"Proposed fastener envelope; grade, torque and locking engagement unreleased"
K01_Front_7_inner_washer,hardware,1,15.0,1.1999999999999993,15.0,185.58330282550992,REVIEW ONLY,"Proposed fastener envelope; grade, torque and locking engagement unreleased"
K01_Front_7_outer_nut,hardware,1,9.237604307033962,5.0,8.0,178.95335878633975,REVIEW ONLY,"Proposed fastener envelope; grade, torque and locking engagement unreleased"
K01_Front_7_inner_nut,hardware,1,9.237604307033962,5.0,8.0,178.95335878633975,REVIEW ONLY,"Proposed fastener envelope; grade, torque and locking engagement unreleased"
K01_Rear_0_stud,hardware,1,5.0,60.0,5.000000000000028,1178.0972450961726,REVIEW ONLY,Proposed M5x60 rod; replaces old projecting stud. End treatment/retention pending.
K01_Rear_0_outer_washer,hardware,1,15.0,1.1999999999999886,15.0,185.58330282550926,REVIEW ONLY,"Proposed fastener envelope; grade, torque and locking engagement unreleased"
K01_Rear_0_inner_washer,hardware,1,15.0,1.1999999999999886,15.0,185.58330282550926,REVIEW ONLY,"Proposed fastener envelope; grade, torque and locking engagement unreleased"
K01_Rear_0_outer_nut,hardware,1,9.237604307034015,5.0,8.000000000000014,178.95335878633938,REVIEW ONLY,"Proposed fastener envelope; grade, torque and locking engagement unreleased"
K01_Rear_0_inner_nut,hardware,1,9.237604307034015,5.0,8.0,178.95335878633938,REVIEW ONLY,"Proposed fastener envelope; grade, torque and locking engagement unreleased"
K01_Rear_1_stud,hardware,1,5.0,60.0,5.0,1178.0972450961726,REVIEW ONLY,Proposed M5x60 rod; replaces old projecting stud. End treatment/retention pending.
K01_Rear_1_outer_washer,hardware,1,15.0,1.1999999999999886,15.0,185.58330282550932,REVIEW ONLY,"Proposed fastener envelope; grade, torque and locking engagement unreleased"
K01_Rear_1_inner_washer,hardware,1,15.0,1.1999999999999886,15.0,185.58330282550932,REVIEW ONLY,"Proposed fastener envelope; grade, torque and locking engagement unreleased"
K01_Rear_1_outer_nut,hardware,1,9.237604307034015,5.0,8.0,178.9533587863393,REVIEW ONLY,"Proposed fastener envelope; grade, torque and locking engagement unreleased"
K01_Rear_1_inner_nut,hardware,1,9.237604307034015,5.0,8.0,178.9533587863393,REVIEW ONLY,"Proposed fastener envelope; grade, torque and locking engagement unreleased"
K01_Rear_2_stud,hardware,1,5.0,60.0,5.0,1178.09724509617,REVIEW ONLY,Proposed M5x60 rod; replaces old projecting stud. End treatment/retention pending.
K01_Rear_2_outer_washer,hardware,1,15.0,1.1999999999999886,15.0,185.5833028255092,REVIEW ONLY,"Proposed fastener envelope; grade, torque and locking engagement unreleased"
K01_Rear_2_inner_washer,hardware,1,15.0,1.1999999999999886,15.0,185.58330282550924,REVIEW ONLY,"Proposed fastener envelope; grade, torque and locking engagement unreleased"
K01_Rear_2_outer_nut,hardware,1,9.237604307034015,5.0,8.0,178.95335878633978,REVIEW ONLY,"Proposed fastener envelope; grade, torque and locking engagement unreleased"
K01_Rear_2_inner_nut,hardware,1,9.237604307034015,5.0,8.0,178.95335878633978,REVIEW ONLY,"Proposed fastener envelope; grade, torque and locking engagement unreleased"
K01_Rear_3_stud,hardware,1,5.0,60.0,5.000000000000028,1178.0972450961726,REVIEW ONLY,Proposed M5x60 rod; replaces old projecting stud. End treatment/retention pending.
K01_Rear_3_outer_washer,hardware,1,15.0,1.1999999999999886,15.0,185.5833028255092,REVIEW ONLY,"Proposed fastener envelope; grade, torque and locking engagement unreleased"
K01_Rear_3_inner_washer,hardware,1,15.0,1.1999999999999886,15.0,185.5833028255092,REVIEW ONLY,"Proposed fastener envelope; grade, torque and locking engagement unreleased"
K01_Rear_3_outer_nut,hardware,1,9.237604307033962,5.0,8.000000000000014,178.95335878633904,REVIEW ONLY,"Proposed fastener envelope; grade, torque and locking engagement unreleased"
K01_Rear_3_inner_nut,hardware,1,9.237604307033962,5.0,8.0,178.95335878633904,REVIEW ONLY,"Proposed fastener envelope; grade, torque and locking engagement unreleased"
K01_Rear_4_stud,hardware,1,5.0,60.0,5.0,1178.0972450961724,REVIEW ONLY,Proposed M5x60 rod; replaces old projecting stud. End treatment/retention pending.
K01_Rear_4_outer_washer,hardware,1,15.0,1.1999999999999886,15.0,185.58330282550926,REVIEW ONLY,"Proposed fastener envelope; grade, torque and locking engagement unreleased"
K01_Rear_4_inner_washer,hardware,1,15.0,1.1999999999999886,15.0,185.5833028255093,REVIEW ONLY,"Proposed fastener envelope; grade, torque and locking engagement unreleased"
K01_Rear_4_outer_nut,hardware,1,9.237604307033962,5.0,8.0,178.9533587863389,REVIEW ONLY,"Proposed fastener envelope; grade, torque and locking engagement unreleased"
K01_Rear_4_inner_nut,hardware,1,9.237604307033962,5.0,8.0,178.9533587863389,REVIEW ONLY,"Proposed fastener envelope; grade, torque and locking engagement unreleased"
K01_Rear_5_stud,hardware,1,5.0,60.0,5.0,1178.09724509617,REVIEW ONLY,Proposed M5x60 rod; replaces old projecting stud. End treatment/retention pending.
K01_Rear_5_outer_washer,hardware,1,15.0,1.1999999999999886,15.0,185.58330282550918,REVIEW ONLY,"Proposed fastener envelope; grade, torque and locking engagement unreleased"
K01_Rear_5_inner_washer,hardware,1,15.0,1.1999999999999886,15.0,185.58330282550918,REVIEW ONLY,"Proposed fastener envelope; grade, torque and locking engagement unreleased"
K01_Rear_5_outer_nut,hardware,1,9.237604307033962,5.0,8.0,178.95335878633938,REVIEW ONLY,"Proposed fastener envelope; grade, torque and locking engagement unreleased"
K01_Rear_5_inner_nut,hardware,1,9.237604307033962,5.0,8.0,178.95335878633938,REVIEW ONLY,"Proposed fastener envelope; grade, torque and locking engagement unreleased"
K01_Rear_6_stud,hardware,1,5.0,40.0,5.000000000000014,785.3981633974494,REVIEW ONLY,Proposed M5x40 rod; replaces old projecting stud. End treatment/retention pending.
K01_Rear_6_outer_washer,hardware,1,15.0,1.1999999999999886,15.0,185.58330282550938,REVIEW ONLY,"Proposed fastener envelope; grade, torque and locking engagement unreleased"
K01_Rear_6_inner_washer,hardware,1,15.0,1.1999999999999886,15.0,185.58330282550935,REVIEW ONLY,"Proposed fastener envelope; grade, torque and locking engagement unreleased"
K01_Rear_6_outer_nut,hardware,1,9.237604307033962,5.0,8.000000000000014,178.95335878633932,REVIEW ONLY,"Proposed fastener envelope; grade, torque and locking engagement unreleased"
K01_Rear_6_inner_nut,hardware,1,9.237604307033962,5.0,8.0,178.95335878633944,REVIEW ONLY,"Proposed fastener envelope; grade, torque and locking engagement unreleased"
K01_Rear_7_stud,hardware,1,5.0,40.0,5.0,785.3981633974473,REVIEW ONLY,Proposed M5x40 rod; replaces old projecting stud. End treatment/retention pending.
K01_Rear_7_outer_washer,hardware,1,15.0,1.1999999999999886,15.0,185.58330282550938,REVIEW ONLY,"Proposed fastener envelope; grade, torque and locking engagement unreleased"
K01_Rear_7_inner_washer,hardware,1,15.0,1.1999999999999886,15.0,185.58330282550935,REVIEW ONLY,"Proposed fastener envelope; grade, torque and locking engagement unreleased"
K01_Rear_7_outer_nut,hardware,1,9.237604307033962,5.0,8.0,178.95335878633972,REVIEW ONLY,"Proposed fastener envelope; grade, torque and locking engagement unreleased"
K01_Rear_7_inner_nut,hardware,1,9.237604307033962,5.0,8.0,178.95335878633972,REVIEW ONLY,"Proposed fastener envelope; grade, torque and locking engagement unreleased"
K03_Outer_stop_False_0,hardware,1,10.0,3.0,10.0,164.344565690916,REVIEW ONLY,Proposed OD10/ID5.5 x3 spacer fixes outer installed seal gap. Gasket free thickness/force unverified; NOT a compression specification.
K03_Outer_stop_False_1,hardware,1,10.0,3.0,10.0,164.34456569091577,REVIEW ONLY,Proposed OD10/ID5.5 x3 spacer fixes outer installed seal gap. Gasket free thickness/force unverified; NOT a compression specification.
K03_Outer_stop_False_2,hardware,1,10.0,3.0,10.0,164.3445656909165,REVIEW ONLY,Proposed OD10/ID5.5 x3 spacer fixes outer installed seal gap. Gasket free thickness/force unverified; NOT a compression specification.
K03_Outer_stop_False_3,hardware,1,10.0,3.0,10.0,164.34456569091668,REVIEW ONLY,Proposed OD10/ID5.5 x3 spacer fixes outer installed seal gap. Gasket free thickness/force unverified; NOT a compression specification.
K03_Outer_stop_False_4,hardware,1,10.0,3.0,10.0,164.3445656909165,REVIEW ONLY,Proposed OD10/ID5.5 x3 spacer fixes outer installed seal gap. Gasket free thickness/force unverified; NOT a compression specification.
K03_Outer_stop_False_5,hardware,1,10.0,3.0,10.0,164.3445656909172,REVIEW ONLY,Proposed OD10/ID5.5 x3 spacer fixes outer installed seal gap. Gasket free thickness/force unverified; NOT a compression specification.
K03_Outer_stop_False_6,hardware,1,10.0,3.0,10.0,164.34456569091597,REVIEW ONLY,Proposed OD10/ID5.5 x3 spacer fixes outer installed seal gap. Gasket free thickness/force unverified; NOT a compression specification.
K03_Outer_stop_False_7,hardware,1,10.0,3.0,10.0,164.34456569091645,REVIEW ONLY,Proposed OD10/ID5.5 x3 spacer fixes outer installed seal gap. Gasket free thickness/force unverified; NOT a compression specification.
K04_Inner_stop_False_0,hardware,1,6.5,36.0,6.5,622.0353454107794,REVIEW ONLY,Proposed OD6.5/ID4.5 x36 sleeve between fixed nut and retainer. Assumed40mm filter +3mm installed seal; adjust only after actual filter/gasket verification.
K04_Inner_stop_False_1,hardware,1,6.5,36.0,6.5,622.035345410779,REVIEW ONLY,Proposed OD6.5/ID4.5 x36 sleeve between fixed nut and retainer. Assumed40mm filter +3mm installed seal; adjust only after actual filter/gasket verification.
K04_Inner_stop_False_2,hardware,1,6.5,36.0,6.5,622.0353454107803,REVIEW ONLY,Proposed OD6.5/ID4.5 x36 sleeve between fixed nut and retainer. Assumed40mm filter +3mm installed seal; adjust only after actual filter/gasket verification.
K04_Inner_stop_False_3,hardware,1,6.5,36.0,6.5,622.0353454107798,REVIEW ONLY,Proposed OD6.5/ID4.5 x36 sleeve between fixed nut and retainer. Assumed40mm filter +3mm installed seal; adjust only after actual filter/gasket verification.
K03_Outer_stop_True_0,hardware,1,10.0,3.0,10.0,164.34456569091606,REVIEW ONLY,Proposed OD10/ID5.5 x3 spacer fixes outer installed seal gap. Gasket free thickness/force unverified; NOT a compression specification.
K03_Outer_stop_True_1,hardware,1,10.0,3.0,10.0,164.34456569091606,REVIEW ONLY,Proposed OD10/ID5.5 x3 spacer fixes outer installed seal gap. Gasket free thickness/force unverified; NOT a compression specification.
K03_Outer_stop_True_2,hardware,1,10.0,3.0,10.0,164.34456569091654,REVIEW ONLY,Proposed OD10/ID5.5 x3 spacer fixes outer installed seal gap. Gasket free thickness/force unverified; NOT a compression specification.
K03_Outer_stop_True_3,hardware,1,10.0,3.0,10.0,164.34456569091674,REVIEW ONLY,Proposed OD10/ID5.5 x3 spacer fixes outer installed seal gap. Gasket free thickness/force unverified; NOT a compression specification.
K03_Outer_stop_True_4,hardware,1,10.0,3.0,10.0,164.34456569091674,REVIEW ONLY,Proposed OD10/ID5.5 x3 spacer fixes outer installed seal gap. Gasket free thickness/force unverified; NOT a compression specification.
K03_Outer_stop_True_5,hardware,1,10.0,3.0,10.0,164.3445656909172,REVIEW ONLY,Proposed OD10/ID5.5 x3 spacer fixes outer installed seal gap. Gasket free thickness/force unverified; NOT a compression specification.
K03_Outer_stop_True_6,hardware,1,10.0,3.0,10.0,164.344565690916,REVIEW ONLY,Proposed OD10/ID5.5 x3 spacer fixes outer installed seal gap. Gasket free thickness/force unverified; NOT a compression specification.
K03_Outer_stop_True_7,hardware,1,10.0,3.0,10.0,164.34456569091648,REVIEW ONLY,Proposed OD10/ID5.5 x3 spacer fixes outer installed seal gap. Gasket free thickness/force unverified; NOT a compression specification.
K04_Inner_stop_True_0,hardware,1,6.5,36.0,6.500000000000028,622.035345410779,REVIEW ONLY,Proposed OD6.5/ID4.5 x36 sleeve between fixed nut and retainer. Assumed40mm filter +3mm installed seal; adjust only after actual filter/gasket verification.
K04_Inner_stop_True_1,hardware,1,6.5,36.0,6.5,622.0353454107791,REVIEW ONLY,Proposed OD6.5/ID4.5 x36 sleeve between fixed nut and retainer. Assumed40mm filter +3mm installed seal; adjust only after actual filter/gasket verification.
K04_Inner_stop_True_2,hardware,1,6.5,36.0,6.500000000000028,622.0353454107803,REVIEW ONLY,Proposed OD6.5/ID4.5 x36 sleeve between fixed nut and retainer. Assumed40mm filter +3mm installed seal; adjust only after actual filter/gasket verification.
K04_Inner_stop_True_3,hardware,1,6.5,36.0,6.5,622.0353454107806,REVIEW ONLY,Proposed OD6.5/ID4.5 x36 sleeve between fixed nut and retainer. Assumed40mm filter +3mm installed seal; adjust only after actual filter/gasket verification.
K02_Fan_bolt_1_1_screw,hardware,1,7.0,7.0,54.0,782.2565707438591,REVIEW ONLY,"Proposed fastener envelope; grade, torque and locking engagement unreleased"
K02_Fan_bolt_1_1_top_washer,hardware,1,12.0,12.0,1.0,98.57532348801367,REVIEW ONLY,"Proposed fastener envelope; grade, torque and locking engagement unreleased"
K02_Fan_bolt_1_1_bottom_washer,hardware,1,12.0,12.0,1.0,98.57532348801367,REVIEW ONLY,"Proposed fastener envelope; grade, torque and locking engagement unreleased"
K02_Fan_bolt_1_1_nut,hardware,1,8.082903768654774,7.0,5.0,149.34437085539162,REVIEW ONLY,"Proposed fastener envelope; grade, torque and locking engagement unreleased"
K02_Fan_bolt_1_2_screw,hardware,1,7.0,7.0,54.0,782.2565707438588,REVIEW ONLY,"Proposed fastener envelope; grade, torque and locking engagement unreleased"
K02_Fan_bolt_1_2_top_washer,hardware,1,12.0,12.0,1.0,98.57532348801371,REVIEW ONLY,"Proposed fastener envelope; grade, torque and locking engagement unreleased"
K02_Fan_bolt_1_2_bottom_washer,hardware,1,12.0,12.0,1.0,98.57532348801371,REVIEW ONLY,"Proposed fastener envelope; grade, torque and locking engagement unreleased"
K02_Fan_bolt_1_2_nut,hardware,1,8.082903768654774,7.0,5.0,149.34437085539165,REVIEW ONLY,"Proposed fastener envelope; grade, torque and locking engagement unreleased"
K02_Fan_bolt_1_3_screw,hardware,1,7.0,7.0,54.0,782.2565707438596,REVIEW ONLY,"Proposed fastener envelope; grade, torque and locking engagement unreleased"
K02_Fan_bolt_1_3_top_washer,hardware,1,12.0,12.0,1.0,98.57532348801371,REVIEW ONLY,"Proposed fastener envelope; grade, torque and locking engagement unreleased"
K02_Fan_bolt_1_3_bottom_washer,hardware,1,12.0,12.0,1.0,98.57532348801371,REVIEW ONLY,"Proposed fastener envelope; grade, torque and locking engagement unreleased"
K02_Fan_bolt_1_3_nut,hardware,1,8.082903768654774,7.0,5.0,149.34437085539153,REVIEW ONLY,"Proposed fastener envelope; grade, torque and locking engagement unreleased"
K02_Fan_bolt_1_4_screw,hardware,1,7.0,7.0,54.0,782.2565707438592,REVIEW ONLY,"Proposed fastener envelope; grade, torque and locking engagement unreleased"
K02_Fan_bolt_1_4_top_washer,hardware,1,12.0,12.0,1.0,98.57532348801372,REVIEW ONLY,"Proposed fastener envelope; grade, torque and locking engagement unreleased"
K02_Fan_bolt_1_4_bottom_washer,hardware,1,12.0,12.0,1.0,98.57532348801372,REVIEW ONLY,"Proposed fastener envelope; grade, torque and locking engagement unreleased"
K02_Fan_bolt_1_4_nut,hardware,1,8.082903768654774,7.0,5.0,149.34437085539156,REVIEW ONLY,"Proposed fastener envelope; grade, torque and locking engagement unreleased"
K02_Fan_bolt_2_1_screw,hardware,1,7.0,7.0,54.0,782.2565707438596,REVIEW ONLY,"Proposed fastener envelope; grade, torque and locking engagement unreleased"
K02_Fan_bolt_2_1_top_washer,hardware,1,12.0,12.0,1.0,98.57532348801371,REVIEW ONLY,"Proposed fastener envelope; grade, torque and locking engagement unreleased"
K02_Fan_bolt_2_1_bottom_washer,hardware,1,12.0,12.0,1.0,98.57532348801371,REVIEW ONLY,"Proposed fastener envelope; grade, torque and locking engagement unreleased"
K02_Fan_bolt_2_1_nut,hardware,1,8.082903768654774,7.0,5.0,149.34437085539153,REVIEW ONLY,"Proposed fastener envelope; grade, torque and locking engagement unreleased"
K02_Fan_bolt_2_2_screw,hardware,1,7.0,7.0,54.0,782.2565707438592,REVIEW ONLY,"Proposed fastener envelope; grade, torque and locking engagement unreleased"
K02_Fan_bolt_2_2_top_washer,hardware,1,12.0,12.0,1.0,98.57532348801372,REVIEW ONLY,"Proposed fastener envelope; grade, torque and locking engagement unreleased"
K02_Fan_bolt_2_2_bottom_washer,hardware,1,12.0,12.0,1.0,98.57532348801372,REVIEW ONLY,"Proposed fastener envelope; grade, torque and locking engagement unreleased"
K02_Fan_bolt_2_2_nut,hardware,1,8.082903768654774,7.0,5.0,149.34437085539156,REVIEW ONLY,"Proposed fastener envelope; grade, torque and locking engagement unreleased"
K02_Fan_bolt_2_3_screw,hardware,1,7.0,7.0,54.0,782.2565707438596,REVIEW ONLY,"Proposed fastener envelope; grade, torque and locking engagement unreleased"
K02_Fan_bolt_2_3_top_washer,hardware,1,12.0,12.0,1.0,98.57532348801368,REVIEW ONLY,"Proposed fastener envelope; grade, torque and locking engagement unreleased"
K02_Fan_bolt_2_3_bottom_washer,hardware,1,12.0,12.0,1.0,98.57532348801368,REVIEW ONLY,"Proposed fastener envelope; grade, torque and locking engagement unreleased"
K02_Fan_bolt_2_3_nut,hardware,1,8.082903768654774,7.0,5.0,149.34437085539147,REVIEW ONLY,"Proposed fastener envelope; grade, torque and locking engagement unreleased"
K02_Fan_bolt_2_4_screw,hardware,1,7.0,7.0,54.0,782.2565707438592,REVIEW ONLY,"Proposed fastener envelope; grade, torque and locking engagement unreleased"
K02_Fan_bolt_2_4_top_washer,hardware,1,12.0,12.0,1.0,98.57532348801374,REVIEW ONLY,"Proposed fastener envelope; grade, torque and locking engagement unreleased"
K02_Fan_bolt_2_4_bottom_washer,hardware,1,12.0,12.0,1.0,98.57532348801374,REVIEW ONLY,"Proposed fastener envelope; grade, torque and locking engagement unreleased"
K02_Fan_bolt_2_4_nut,hardware,1,8.082903768654774,7.0,5.0,149.3443708553915,REVIEW ONLY,"Proposed fastener envelope; grade, torque and locking engagement unreleased"
K02_Fan_bolt_3_1_screw,hardware,1,7.0,7.0,54.0,782.2565707438588,REVIEW ONLY,"Proposed fastener envelope; grade, torque and locking engagement unreleased"
K02_Fan_bolt_3_1_top_washer,hardware,1,12.0,12.0,1.0,98.57532348801371,REVIEW ONLY,"Proposed fastener envelope; grade, torque and locking engagement unreleased"
K02_Fan_bolt_3_1_bottom_washer,hardware,1,12.0,12.0,1.0,98.57532348801371,REVIEW ONLY,"Proposed fastener envelope; grade, torque and locking engagement unreleased"
K02_Fan_bolt_3_1_nut,hardware,1,8.082903768654774,7.0,5.0,149.34437085539165,REVIEW ONLY,"Proposed fastener envelope; grade, torque and locking engagement unreleased"
K02_Fan_bolt_3_2_screw,hardware,1,7.0,7.0,54.0,782.256570743861,REVIEW ONLY,"Proposed fastener envelope; grade, torque and locking engagement unreleased"
K02_Fan_bolt_3_2_top_washer,hardware,1,12.0,12.0,1.0,98.5753234880137,REVIEW ONLY,"Proposed fastener envelope; grade, torque and locking engagement unreleased"
K02_Fan_bolt_3_2_bottom_washer,hardware,1,12.0,12.0,1.0,98.5753234880137,REVIEW ONLY,"Proposed fastener envelope; grade, torque and locking engagement unreleased"
K02_Fan_bolt_3_2_nut,hardware,1,8.082903768654774,7.0,5.0,149.34437085539147,REVIEW ONLY,"Proposed fastener envelope; grade, torque and locking engagement unreleased"
K02_Fan_bolt_3_3_screw,hardware,1,7.0,7.0,54.0,782.2565707438592,REVIEW ONLY,"Proposed fastener envelope; grade, torque and locking engagement unreleased"
K02_Fan_bolt_3_3_top_washer,hardware,1,12.0,12.0,1.0,98.57532348801372,REVIEW ONLY,"Proposed fastener envelope; grade, torque and locking engagement unreleased"
K02_Fan_bolt_3_3_bottom_washer,hardware,1,12.0,12.0,1.0,98.57532348801372,REVIEW ONLY,"Proposed fastener envelope; grade, torque and locking engagement unreleased"
K02_Fan_bolt_3_3_nut,hardware,1,8.082903768654774,7.0,5.0,149.34437085539156,REVIEW ONLY,"Proposed fastener envelope; grade, torque and locking engagement unreleased"
K02_Fan_bolt_3_4_screw,hardware,1,7.0,7.0,54.0,782.2565707438611,REVIEW ONLY,"Proposed fastener envelope; grade, torque and locking engagement unreleased"
K02_Fan_bolt_3_4_top_washer,hardware,1,12.0,12.0,1.0,98.57532348801374,REVIEW ONLY,"Proposed fastener envelope; grade, torque and locking engagement unreleased"
K02_Fan_bolt_3_4_bottom_washer,hardware,1,12.0,12.0,1.0,98.57532348801374,REVIEW ONLY,"Proposed fastener envelope; grade, torque and locking engagement unreleased"
K02_Fan_bolt_3_4_nut,hardware,1,8.082903768654774,7.0,5.0,149.3443708553914,REVIEW ONLY,"Proposed fastener envelope; grade, torque and locking engagement unreleased"
K02_Fan_bolt_4_1_screw,hardware,1,7.0,7.0,54.0,782.2565707438592,REVIEW ONLY,"Proposed fastener envelope; grade, torque and locking engagement unreleased"
K02_Fan_bolt_4_1_top_washer,hardware,1,12.0,12.0,1.0,98.57532348801372,REVIEW ONLY,"Proposed fastener envelope; grade, torque and locking engagement unreleased"
K02_Fan_bolt_4_1_bottom_washer,hardware,1,12.0,12.0,1.0,98.57532348801372,REVIEW ONLY,"Proposed fastener envelope; grade, torque and locking engagement unreleased"
K02_Fan_bolt_4_1_nut,hardware,1,8.082903768654774,7.0,5.0,149.34437085539156,REVIEW ONLY,"Proposed fastener envelope; grade, torque and locking engagement unreleased"
K02_Fan_bolt_4_2_screw,hardware,1,7.0,7.0,54.0,782.2565707438611,REVIEW ONLY,"Proposed fastener envelope; grade, torque and locking engagement unreleased"
K02_Fan_bolt_4_2_top_washer,hardware,1,12.0,12.0,1.0,98.57532348801374,REVIEW ONLY,"Proposed fastener envelope; grade, torque and locking engagement unreleased"
K02_Fan_bolt_4_2_bottom_washer,hardware,1,12.0,12.0,1.0,98.57532348801374,REVIEW ONLY,"Proposed fastener envelope; grade, torque and locking engagement unreleased"
K02_Fan_bolt_4_2_nut,hardware,1,8.082903768654774,7.0,5.0,149.3443708553914,REVIEW ONLY,"Proposed fastener envelope; grade, torque and locking engagement unreleased"
K02_Fan_bolt_4_3_screw,hardware,1,7.0,7.0,54.0,782.2565707438592,REVIEW ONLY,"Proposed fastener envelope; grade, torque and locking engagement unreleased"
K02_Fan_bolt_4_3_top_washer,hardware,1,12.0,12.0,1.0,98.57532348801374,REVIEW ONLY,"Proposed fastener envelope; grade, torque and locking engagement unreleased"
K02_Fan_bolt_4_3_bottom_washer,hardware,1,12.0,12.0,1.0,98.57532348801374,REVIEW ONLY,"Proposed fastener envelope; grade, torque and locking engagement unreleased"
K02_Fan_bolt_4_3_nut,hardware,1,8.082903768654774,7.0,5.0,149.3443708553915,REVIEW ONLY,"Proposed fastener envelope; grade, torque and locking engagement unreleased"
K02_Fan_bolt_4_4_screw,hardware,1,7.0,7.0,54.0,782.2565707438611,REVIEW ONLY,"Proposed fastener envelope; grade, torque and locking engagement unreleased"
K02_Fan_bolt_4_4_top_washer,hardware,1,12.0,12.0,1.0,98.57532348801374,REVIEW ONLY,"Proposed fastener envelope; grade, torque and locking engagement unreleased"
K02_Fan_bolt_4_4_bottom_washer,hardware,1,12.0,12.0,1.0,98.57532348801374,REVIEW ONLY,"Proposed fastener envelope; grade, torque and locking engagement unreleased"
K02_Fan_bolt_4_4_nut,hardware,1,8.082903768654774,7.0,5.0,149.34437085539133,REVIEW ONLY,"Proposed fastener envelope; grade, torque and locking engagement unreleased"
K06_End_False_19_105_screw,hardware,1,44.0,7.0,7.0,656.5928646002669,REVIEW ONLY,"Proposed fastener envelope; grade, torque and locking engagement unreleased"
K06_End_False_19_105_outer_washer,hardware,1,1.0,12.0,12.0,98.57532348801372,REVIEW ONLY,"Proposed fastener envelope; grade, torque and locking engagement unreleased"
K06_End_False_19_105_inner_washer,hardware,1,1.0,12.0,12.0,98.57532348801372,REVIEW ONLY,"Proposed fastener envelope; grade, torque and locking engagement unreleased"
K06_End_False_19_105_nut,hardware,1,5.0,7.0,8.082903768654774,149.34437085539167,REVIEW ONLY,"Proposed fastener envelope; grade, torque and locking engagement unreleased"
K06_End_False_19_205_screw,hardware,1,44.0,7.0,7.0,656.5928646002676,REVIEW ONLY,"Proposed fastener envelope; grade, torque and locking engagement unreleased"
K06_End_False_19_205_outer_washer,hardware,1,1.0,12.0,12.0,98.5753234880137,REVIEW ONLY,"Proposed fastener envelope; grade, torque and locking engagement unreleased"
K06_End_False_19_205_inner_washer,hardware,1,1.0,12.0,12.0,98.5753234880137,REVIEW ONLY,"Proposed fastener envelope; grade, torque and locking engagement unreleased"
K06_End_False_19_205_nut,hardware,1,5.0,7.0,8.082903768654774,149.34437085539162,REVIEW ONLY,"Proposed fastener envelope; grade, torque and locking engagement unreleased"
K06_End_False_19_405_screw,hardware,1,44.0,7.0,7.0,656.5928646002676,REVIEW ONLY,"Proposed fastener envelope; grade, torque and locking engagement unreleased"
K06_End_False_19_405_outer_washer,hardware,1,1.0,12.0,12.0,98.57532348801371,REVIEW ONLY,"Proposed fastener envelope; grade, torque and locking engagement unreleased"
K06_End_False_19_405_inner_washer,hardware,1,1.0,12.0,12.0,98.57532348801371,REVIEW ONLY,"Proposed fastener envelope; grade, torque and locking engagement unreleased"
K06_End_False_19_405_nut,hardware,1,5.0,7.0,8.082903768654774,149.34437085539145,REVIEW ONLY,"Proposed fastener envelope; grade, torque and locking engagement unreleased"
K06_End_False_19_505_screw,hardware,1,44.0,7.0,7.0,656.5928646002676,REVIEW ONLY,"Proposed fastener envelope; grade, torque and locking engagement unreleased"
K06_End_False_19_505_outer_washer,hardware,1,1.0,12.0,12.0,98.57532348801371,REVIEW ONLY,"Proposed fastener envelope; grade, torque and locking engagement unreleased"
K06_End_False_19_505_inner_washer,hardware,1,1.0,12.0,12.0,98.57532348801371,REVIEW ONLY,"Proposed fastener envelope; grade, torque and locking engagement unreleased"
K06_End_False_19_505_nut,hardware,1,5.0,7.0,8.082903768654774,149.34437085539145,REVIEW ONLY,"Proposed fastener envelope; grade, torque and locking engagement unreleased"
K06_End_False_341_105_screw,hardware,1,44.0,7.0,7.0,656.5928646002683,REVIEW ONLY,"Proposed fastener envelope; grade, torque and locking engagement unreleased"
K06_End_False_341_105_outer_washer,hardware,1,1.0,12.0,12.0,98.57532348801374,REVIEW ONLY,"Proposed fastener envelope; grade, torque and locking engagement unreleased"
K06_End_False_341_105_inner_washer,hardware,1,1.0,12.0,12.0,98.57532348801374,REVIEW ONLY,"Proposed fastener envelope; grade, torque and locking engagement unreleased"
K06_End_False_341_105_nut,hardware,1,5.0,7.0,8.082903768654774,149.34437085539153,REVIEW ONLY,"Proposed fastener envelope; grade, torque and locking engagement unreleased"
K06_End_False_341_205_screw,hardware,1,44.0,7.0,7.0,656.5928646002687,REVIEW ONLY,"Proposed fastener envelope; grade, torque and locking engagement unreleased"
K06_End_False_341_205_outer_washer,hardware,1,1.0,12.0,12.0,98.5753234880137,REVIEW ONLY,"Proposed fastener envelope; grade, torque and locking engagement unreleased"
K06_End_False_341_205_inner_washer,hardware,1,1.0,12.0,12.0,98.5753234880137,REVIEW ONLY,"Proposed fastener envelope; grade, torque and locking engagement unreleased"
K06_End_False_341_205_nut,hardware,1,5.0,7.0,8.082903768654774,149.34437085539147,REVIEW ONLY,"Proposed fastener envelope; grade, torque and locking engagement unreleased"
K06_End_False_341_405_screw,hardware,1,44.0,7.0,7.0,656.5928646002687,REVIEW ONLY,"Proposed fastener envelope; grade, torque and locking engagement unreleased"
K06_End_False_341_405_outer_washer,hardware,1,1.0,12.0,12.0,98.57532348801374,REVIEW ONLY,"Proposed fastener envelope; grade, torque and locking engagement unreleased"
K06_End_False_341_405_inner_washer,hardware,1,1.0,12.0,12.0,98.57532348801374,REVIEW ONLY,"Proposed fastener envelope; grade, torque and locking engagement unreleased"
K06_End_False_341_405_nut,hardware,1,5.0,7.0,8.082903768654774,149.34437085539133,REVIEW ONLY,"Proposed fastener envelope; grade, torque and locking engagement unreleased"
K06_End_False_341_505_screw,hardware,1,44.0,7.0,7.0,656.5928646002687,REVIEW ONLY,"Proposed fastener envelope; grade, torque and locking engagement unreleased"
K06_End_False_341_505_outer_washer,hardware,1,1.0,12.0,12.0,98.57532348801374,REVIEW ONLY,"Proposed fastener envelope; grade, torque and locking engagement unreleased"
K06_End_False_341_505_inner_washer,hardware,1,1.0,12.0,12.0,98.57532348801374,REVIEW ONLY,"Proposed fastener envelope; grade, torque and locking engagement unreleased"
K06_End_False_341_505_nut,hardware,1,5.0,7.0,8.082903768654774,149.34437085539133,REVIEW ONLY,"Proposed fastener envelope; grade, torque and locking engagement unreleased"
K06_End_True_19_105_screw,hardware,1,44.0,7.0,7.0,656.5928646002669,REVIEW ONLY,"Proposed fastener envelope; grade, torque and locking engagement unreleased"
K06_End_True_19_105_outer_washer,hardware,1,1.0,12.0,12.0,98.57532348801372,REVIEW ONLY,"Proposed fastener envelope; grade, torque and locking engagement unreleased"
K06_End_True_19_105_inner_washer,hardware,1,1.0,12.0,12.0,98.57532348801372,REVIEW ONLY,"Proposed fastener envelope; grade, torque and locking engagement unreleased"
K06_End_True_19_105_nut,hardware,1,5.0,7.0,8.082903768654774,149.34437085539167,REVIEW ONLY,"Proposed fastener envelope; grade, torque and locking engagement unreleased"
K06_End_True_19_205_screw,hardware,1,44.0,7.0,7.0,656.5928646002676,REVIEW ONLY,"Proposed fastener envelope; grade, torque and locking engagement unreleased"
K06_End_True_19_205_outer_washer,hardware,1,1.0,12.0,12.0,98.5753234880137,REVIEW ONLY,"Proposed fastener envelope; grade, torque and locking engagement unreleased"
K06_End_True_19_205_inner_washer,hardware,1,1.0,12.0,12.0,98.5753234880137,REVIEW ONLY,"Proposed fastener envelope; grade, torque and locking engagement unreleased"
K06_End_True_19_205_nut,hardware,1,5.0,7.0,8.082903768654774,149.34437085539162,REVIEW ONLY,"Proposed fastener envelope; grade, torque and locking engagement unreleased"
K06_End_True_19_405_screw,hardware,1,44.0,7.0,7.0,656.5928646002676,REVIEW ONLY,"Proposed fastener envelope; grade, torque and locking engagement unreleased"
K06_End_True_19_405_outer_washer,hardware,1,1.0,12.0,12.0,98.57532348801371,REVIEW ONLY,"Proposed fastener envelope; grade, torque and locking engagement unreleased"
K06_End_True_19_405_inner_washer,hardware,1,1.0,12.0,12.0,98.57532348801371,REVIEW ONLY,"Proposed fastener envelope; grade, torque and locking engagement unreleased"
K06_End_True_19_405_nut,hardware,1,5.0,7.0,8.082903768654774,149.34437085539145,REVIEW ONLY,"Proposed fastener envelope; grade, torque and locking engagement unreleased"
K06_End_True_19_505_screw,hardware,1,44.0,7.0,7.0,656.5928646002676,REVIEW ONLY,"Proposed fastener envelope; grade, torque and locking engagement unreleased"
K06_End_True_19_505_outer_washer,hardware,1,1.0,12.0,12.0,98.57532348801371,REVIEW ONLY,"Proposed fastener envelope; grade, torque and locking engagement unreleased"
K06_End_True_19_505_inner_washer,hardware,1,1.0,12.0,12.0,98.57532348801371,REVIEW ONLY,"Proposed fastener envelope; grade, torque and locking engagement unreleased"
K06_End_True_19_505_nut,hardware,1,5.0,7.0,8.082903768654774,149.34437085539145,REVIEW ONLY,"Proposed fastener envelope; grade, torque and locking engagement unreleased"
K06_End_True_341_105_screw,hardware,1,44.0,7.0,7.0,656.5928646002683,REVIEW ONLY,"Proposed fastener envelope; grade, torque and locking engagement unreleased"
K06_End_True_341_105_outer_washer,hardware,1,1.0,12.0,12.0,98.57532348801374,REVIEW ONLY,"Proposed fastener envelope; grade, torque and locking engagement unreleased"
K06_End_True_341_105_inner_washer,hardware,1,1.0,12.0,12.0,98.57532348801374,REVIEW ONLY,"Proposed fastener envelope; grade, torque and locking engagement unreleased"
K06_End_True_341_105_nut,hardware,1,5.0,7.0,8.082903768654774,149.34437085539153,REVIEW ONLY,"Proposed fastener envelope; grade, torque and locking engagement unreleased"
K06_End_True_341_205_screw,hardware,1,44.0,7.0,7.0,656.5928646002687,REVIEW ONLY,"Proposed fastener envelope; grade, torque and locking engagement unreleased"
K06_End_True_341_205_outer_washer,hardware,1,1.0,12.0,12.0,98.5753234880137,REVIEW ONLY,"Proposed fastener envelope; grade, torque and locking engagement unreleased"
K06_End_True_341_205_inner_washer,hardware,1,1.0,12.0,12.0,98.5753234880137,REVIEW ONLY,"Proposed fastener envelope; grade, torque and locking engagement unreleased"
K06_End_True_341_205_nut,hardware,1,5.0,7.0,8.082903768654774,149.34437085539147,REVIEW ONLY,"Proposed fastener envelope; grade, torque and locking engagement unreleased"
K06_End_True_341_405_screw,hardware,1,44.0,7.0,7.0,656.5928646002687,REVIEW ONLY,"Proposed fastener envelope; grade, torque and locking engagement unreleased"
K06_End_True_341_405_outer_washer,hardware,1,1.0,12.0,12.0,98.57532348801374,REVIEW ONLY,"Proposed fastener envelope; grade, torque and locking engagement unreleased"
K06_End_True_341_405_inner_washer,hardware,1,1.0,12.0,12.0,98.57532348801374,REVIEW ONLY,"Proposed fastener envelope; grade, torque and locking engagement unreleased"
K06_End_True_341_405_nut,hardware,1,5.0,7.0,8.082903768654774,149.34437085539133,REVIEW ONLY,"Proposed fastener envelope; grade, torque and locking engagement unreleased"
K06_End_True_341_505_screw,hardware,1,44.0,7.0,7.0,656.5928646002687,REVIEW ONLY,"Proposed fastener envelope; grade, torque and locking engagement unreleased"
K06_End_True_341_505_outer_washer,hardware,1,1.0,12.0,12.0,98.57532348801374,REVIEW ONLY,"Proposed fastener envelope; grade, torque and locking engagement unreleased"
K06_End_True_341_505_inner_washer,hardware,1,1.0,12.0,12.0,98.57532348801374,REVIEW ONLY,"Proposed fastener envelope; grade, torque and locking engagement unreleased"
K06_End_True_341_505_nut,hardware,1,5.0,7.0,8.082903768654774,149.34437085539133,REVIEW ONLY,"Proposed fastener envelope; grade, torque and locking engagement unreleased"
K07_Seat_False_20_155_screw,hardware,1,7.0,44.0,7.0,656.5928646002665,REVIEW ONLY,"Proposed fastener envelope; grade, torque and locking engagement unreleased"
K07_Seat_False_20_155_outer_washer,hardware,1,12.0,1.0,12.0,98.57532348801375,REVIEW ONLY,"Proposed fastener envelope; grade, torque and locking engagement unreleased"
K07_Seat_False_20_155_inner_washer,hardware,1,12.0,1.0,12.0,98.57532348801375,REVIEW ONLY,"Proposed fastener envelope; grade, torque and locking engagement unreleased"
K07_Seat_False_20_155_nut,hardware,1,8.082903768654761,5.0,7.0,149.34437085539167,REVIEW ONLY,"Proposed fastener envelope; grade, torque and locking engagement unreleased"
K07_Seat_False_20_255_screw,hardware,1,7.0,44.0,7.0,656.5928646002671,REVIEW ONLY,"Proposed fastener envelope; grade, torque and locking engagement unreleased"
K07_Seat_False_20_255_outer_washer,hardware,1,12.0,1.0,12.0,98.57532348801378,REVIEW ONLY,"Proposed fastener envelope; grade, torque and locking engagement unreleased"
K07_Seat_False_20_255_inner_washer,hardware,1,12.0,1.0,12.0,98.57532348801378,REVIEW ONLY,"Proposed fastener envelope; grade, torque and locking engagement unreleased"
K07_Seat_False_20_255_nut,hardware,1,8.082903768654761,5.0,7.0,149.34437085539162,REVIEW ONLY,"Proposed fastener envelope; grade, torque and locking engagement unreleased"
K07_Seat_False_20_355_screw,hardware,1,7.0,44.0,7.0,656.592864600268,REVIEW ONLY,"Proposed fastener envelope; grade, torque and locking engagement unreleased"
K07_Seat_False_20_355_outer_washer,hardware,1,12.0,1.0,12.0,98.57532348801374,REVIEW ONLY,"Proposed fastener envelope; grade, torque and locking engagement unreleased"
K07_Seat_False_20_355_inner_washer,hardware,1,12.0,1.0,12.0,98.57532348801374,REVIEW ONLY,"Proposed fastener envelope; grade, torque and locking engagement unreleased"
K07_Seat_False_20_355_nut,hardware,1,8.082903768654761,5.0,7.0,149.3443708553915,REVIEW ONLY,"Proposed fastener envelope; grade, torque and locking engagement unreleased"
K07_Seat_False_20_455_screw,hardware,1,7.0,44.0,7.0,656.592864600268,REVIEW ONLY,"Proposed fastener envelope; grade, torque and locking engagement unreleased"
K07_Seat_False_20_455_outer_washer,hardware,1,12.0,1.0,12.0,98.57532348801374,REVIEW ONLY,"Proposed fastener envelope; grade, torque and locking engagement unreleased"
K07_Seat_False_20_455_inner_washer,hardware,1,12.0,1.0,12.0,98.57532348801374,REVIEW ONLY,"Proposed fastener envelope; grade, torque and locking engagement unreleased"
K07_Seat_False_20_455_nut,hardware,1,8.082903768654761,5.0,7.0,149.3443708553915,REVIEW ONLY,"Proposed fastener envelope; grade, torque and locking engagement unreleased"
K07_Seat_False_530_155_screw,hardware,1,7.0,44.0,7.0,656.5928646002649,REVIEW ONLY,"Proposed fastener envelope; grade, torque and locking engagement unreleased"
K07_Seat_False_530_155_outer_washer,hardware,1,12.0,1.0,12.0,98.57532348801362,REVIEW ONLY,"Proposed fastener envelope; grade, torque and locking engagement unreleased"
K07_Seat_False_530_155_inner_washer,hardware,1,12.0,1.0,12.0,98.57532348801362,REVIEW ONLY,"Proposed fastener envelope; grade, torque and locking engagement unreleased"
K07_Seat_False_530_155_nut,hardware,1,8.082903768654887,5.0,7.0,149.34437085539176,REVIEW ONLY,"Proposed fastener envelope; grade, torque and locking engagement unreleased"
K07_Seat_False_530_255_screw,hardware,1,7.0,44.0,7.0,656.5928646002658,REVIEW ONLY,"Proposed fastener envelope; grade, torque and locking engagement unreleased"
K07_Seat_False_530_255_outer_washer,hardware,1,12.0,1.0,12.0,98.57532348801365,REVIEW ONLY,"Proposed fastener envelope; grade, torque and locking engagement unreleased"
K07_Seat_False_530_255_inner_washer,hardware,1,12.0,1.0,12.0,98.57532348801365,REVIEW ONLY,"Proposed fastener envelope; grade, torque and locking engagement unreleased"
K07_Seat_False_530_255_nut,hardware,1,8.082903768654887,5.0,7.0,149.34437085539165,REVIEW ONLY,"Proposed fastener envelope; grade, torque and locking engagement unreleased"
K07_Seat_False_530_355_screw,hardware,1,7.0,44.0,7.0,656.5928646002666,REVIEW ONLY,"Proposed fastener envelope; grade, torque and locking engagement unreleased"
K07_Seat_False_530_355_outer_washer,hardware,1,12.0,1.0,12.0,98.57532348801365,REVIEW ONLY,"Proposed fastener envelope; grade, torque and locking engagement unreleased"
K07_Seat_False_530_355_inner_washer,hardware,1,12.0,1.0,12.0,98.57532348801365,REVIEW ONLY,"Proposed fastener envelope; grade, torque and locking engagement unreleased"
K07_Seat_False_530_355_nut,hardware,1,8.082903768654887,5.0,7.0,149.3443708553916,REVIEW ONLY,"Proposed fastener envelope; grade, torque and locking engagement unreleased"
K07_Seat_False_530_455_screw,hardware,1,7.0,44.0,7.0,656.5928646002666,REVIEW ONLY,"Proposed fastener envelope; grade, torque and locking engagement unreleased"
K07_Seat_False_530_455_outer_washer,hardware,1,12.0,1.0,12.0,98.57532348801365,REVIEW ONLY,"Proposed fastener envelope; grade, torque and locking engagement unreleased"
K07_Seat_False_530_455_inner_washer,hardware,1,12.0,1.0,12.0,98.57532348801365,REVIEW ONLY,"Proposed fastener envelope; grade, torque and locking engagement unreleased"
K07_Seat_False_530_455_nut,hardware,1,8.082903768654887,5.0,7.0,149.3443708553916,REVIEW ONLY,"Proposed fastener envelope; grade, torque and locking engagement unreleased"
K07_Seat_True_20_155_screw,hardware,1,7.0,44.0,7.0,656.5928646002665,REVIEW ONLY,"Proposed fastener envelope; grade, torque and locking engagement unreleased"
K07_Seat_True_20_155_outer_washer,hardware,1,12.0,1.0,12.0,98.57532348801375,REVIEW ONLY,"Proposed fastener envelope; grade, torque and locking engagement unreleased"
K07_Seat_True_20_155_inner_washer,hardware,1,12.0,1.0,12.0,98.57532348801375,REVIEW ONLY,"Proposed fastener envelope; grade, torque and locking engagement unreleased"
K07_Seat_True_20_155_nut,hardware,1,8.082903768654761,5.0,7.0,149.34437085539167,REVIEW ONLY,"Proposed fastener envelope; grade, torque and locking engagement unreleased"
K07_Seat_True_20_255_screw,hardware,1,7.0,44.0,7.0,656.5928646002674,REVIEW ONLY,"Proposed fastener envelope; grade, torque and locking engagement unreleased"
K07_Seat_True_20_255_outer_washer,hardware,1,12.0,1.0,12.0,98.57532348801375,REVIEW ONLY,"Proposed fastener envelope; grade, torque and locking engagement unreleased"
K07_Seat_True_20_255_inner_washer,hardware,1,12.0,1.0,12.0,98.57532348801375,REVIEW ONLY,"Proposed fastener envelope; grade, torque and locking engagement unreleased"
K07_Seat_True_20_255_nut,hardware,1,8.082903768654761,5.0,7.0,149.34437085539167,REVIEW ONLY,"Proposed fastener envelope; grade, torque and locking engagement unreleased"
K07_Seat_True_20_355_screw,hardware,1,7.0,44.0,7.0,656.592864600268,REVIEW ONLY,"Proposed fastener envelope; grade, torque and locking engagement unreleased"
K07_Seat_True_20_355_outer_washer,hardware,1,12.0,1.0,12.0,98.57532348801374,REVIEW ONLY,"Proposed fastener envelope; grade, torque and locking engagement unreleased"
K07_Seat_True_20_355_inner_washer,hardware,1,12.0,1.0,12.0,98.57532348801374,REVIEW ONLY,"Proposed fastener envelope; grade, torque and locking engagement unreleased"
K07_Seat_True_20_355_nut,hardware,1,8.082903768654761,5.0,7.0,149.3443708553915,REVIEW ONLY,"Proposed fastener envelope; grade, torque and locking engagement unreleased"
K07_Seat_True_20_455_screw,hardware,1,7.0,44.0,7.0,656.592864600268,REVIEW ONLY,"Proposed fastener envelope; grade, torque and locking engagement unreleased"
K07_Seat_True_20_455_outer_washer,hardware,1,12.0,1.0,12.0,98.57532348801374,REVIEW ONLY,"Proposed fastener envelope; grade, torque and locking engagement unreleased"
K07_Seat_True_20_455_inner_washer,hardware,1,12.0,1.0,12.0,98.57532348801374,REVIEW ONLY,"Proposed fastener envelope; grade, torque and locking engagement unreleased"
K07_Seat_True_20_455_nut,hardware,1,8.082903768654761,5.0,7.0,149.3443708553915,REVIEW ONLY,"Proposed fastener envelope; grade, torque and locking engagement unreleased"
K07_Seat_True_530_155_screw,hardware,1,7.0,44.0,7.0,656.5928646002649,REVIEW ONLY,"Proposed fastener envelope; grade, torque and locking engagement unreleased"
K07_Seat_True_530_155_outer_washer,hardware,1,12.0,1.0,12.0,98.57532348801362,REVIEW ONLY,"Proposed fastener envelope; grade, torque and locking engagement unreleased"
K07_Seat_True_530_155_inner_washer,hardware,1,12.0,1.0,12.0,98.57532348801362,REVIEW ONLY,"Proposed fastener envelope; grade, torque and locking engagement unreleased"
K07_Seat_True_530_155_nut,hardware,1,8.082903768654887,5.0,7.0,149.34437085539176,REVIEW ONLY,"Proposed fastener envelope; grade, torque and locking engagement unreleased"
K07_Seat_True_530_255_screw,hardware,1,7.0,44.0,7.0,656.5928646002658,REVIEW ONLY,"Proposed fastener envelope; grade, torque and locking engagement unreleased"
K07_Seat_True_530_255_outer_washer,hardware,1,12.0,1.0,12.0,98.57532348801362,REVIEW ONLY,"Proposed fastener envelope; grade, torque and locking engagement unreleased"
K07_Seat_True_530_255_inner_washer,hardware,1,12.0,1.0,12.0,98.57532348801362,REVIEW ONLY,"Proposed fastener envelope; grade, torque and locking engagement unreleased"
K07_Seat_True_530_255_nut,hardware,1,8.082903768654887,5.0,7.0,149.34437085539167,REVIEW ONLY,"Proposed fastener envelope; grade, torque and locking engagement unreleased"
K07_Seat_True_530_355_screw,hardware,1,7.0,44.0,7.0,656.5928646002666,REVIEW ONLY,"Proposed fastener envelope; grade, torque and locking engagement unreleased"
K07_Seat_True_530_355_outer_washer,hardware,1,12.0,1.0,12.0,98.57532348801365,REVIEW ONLY,"Proposed fastener envelope; grade, torque and locking engagement unreleased"
K07_Seat_True_530_355_inner_washer,hardware,1,12.0,1.0,12.0,98.57532348801365,REVIEW ONLY,"Proposed fastener envelope; grade, torque and locking engagement unreleased"
K07_Seat_True_530_355_nut,hardware,1,8.082903768654887,5.0,7.0,149.3443708553916,REVIEW ONLY,"Proposed fastener envelope; grade, torque and locking engagement unreleased"
K07_Seat_True_530_455_screw,hardware,1,7.0,44.0,7.0,656.5928646002666,REVIEW ONLY,"Proposed fastener envelope; grade, torque and locking engagement unreleased"
K07_Seat_True_530_455_outer_washer,hardware,1,12.0,1.0,12.0,98.57532348801365,REVIEW ONLY,"Proposed fastener envelope; grade, torque and locking engagement unreleased"
K07_Seat_True_530_455_inner_washer,hardware,1,12.0,1.0,12.0,98.57532348801365,REVIEW ONLY,"Proposed fastener envelope; grade, torque and locking engagement unreleased"
K07_Seat_True_530_455_nut,hardware,1,8.082903768654887,5.0,7.0,149.3443708553916,REVIEW ONLY,"Proposed fastener envelope; grade, torque and locking engagement unreleased"
K10_washer_H10_False_19_19,hardware,1,12.0,12.0,1.0,98.57532348801371,REVIEW ONLY,"Proposed fastener envelope; grade, torque and locking engagement unreleased"
K10_head_H10_False_19_19,hardware,1,7.0,7.0,4.0,153.9380400258999,REVIEW ONLY,Head envelope for retained core-only wood screw. Full screw/thread geometry and end-grain withdrawal capacity remain unverified.
K10_washer_H10_False_19_341,hardware,1,12.0,12.0,1.0,98.57532348801374,REVIEW ONLY,"Proposed fastener envelope; grade, torque and locking engagement unreleased"
K10_head_H10_False_19_341,hardware,1,7.0,7.0,4.0,153.93804002590002,REVIEW ONLY,Head envelope for retained core-only wood screw. Full screw/thread geometry and end-grain withdrawal capacity remain unverified.
K10_washer_H10_False_531_19,hardware,1,12.0,12.0,1.0,98.57532348801362,REVIEW ONLY,"Proposed fastener envelope; grade, torque and locking engagement unreleased"
K10_head_H10_False_531_19,hardware,1,7.0,7.0,4.0,153.93804002589962,REVIEW ONLY,Head envelope for retained core-only wood screw. Full screw/thread geometry and end-grain withdrawal capacity remain unverified.
K10_washer_H10_False_531_341,hardware,1,12.0,12.0,1.0,98.57532348801365,REVIEW ONLY,"Proposed fastener envelope; grade, torque and locking engagement unreleased"
K10_head_H10_False_531_341,hardware,1,7.0,7.0,4.0,153.93804002589974,REVIEW ONLY,Head envelope for retained core-only wood screw. Full screw/thread geometry and end-grain withdrawal capacity remain unverified.
K10_washer_H10_True_19_19,hardware,1,12.0,12.0,1.0,98.57532348801371,REVIEW ONLY,"Proposed fastener envelope; grade, torque and locking engagement unreleased"
K10_head_H10_True_19_19,hardware,1,7.0,7.0,4.0,153.9380400258999,REVIEW ONLY,Head envelope for retained core-only wood screw. Full screw/thread geometry and end-grain withdrawal capacity remain unverified.
K10_washer_H10_True_19_341,hardware,1,12.0,12.0,1.0,98.57532348801374,REVIEW ONLY,"Proposed fastener envelope; grade, torque and locking engagement unreleased"
K10_head_H10_True_19_341,hardware,1,7.0,7.0,4.0,153.93804002590002,REVIEW ONLY,Head envelope for retained core-only wood screw. Full screw/thread geometry and end-grain withdrawal capacity remain unverified.
K10_washer_H10_True_531_19,hardware,1,12.0,12.0,1.0,98.57532348801362,REVIEW ONLY,"Proposed fastener envelope; grade, torque and locking engagement unreleased"
K10_head_H10_True_531_19,hardware,1,7.0,7.0,4.0,153.93804002589962,REVIEW ONLY,Head envelope for retained core-only wood screw. Full screw/thread geometry and end-grain withdrawal capacity remain unverified.
K10_washer_H10_True_531_341,hardware,1,12.0,12.0,1.0,98.57532348801365,REVIEW ONLY,"Proposed fastener envelope; grade, torque and locking engagement unreleased"
K10_head_H10_True_531_341,hardware,1,7.0,7.0,4.0,153.93804002589974,REVIEW ONLY,Head envelope for retained core-only wood screw. Full screw/thread geometry and end-grain withdrawal capacity remain unverified.
K08_M08_Foot_25_15_screw,hardware,1,7.0,7.0,34.0,530.9291584566752,REVIEW ONLY,"Proposed fastener envelope; grade, torque and locking engagement unreleased"
K08_M08_Foot_25_15_lower_washer,hardware,1,12.0,12.0,1.0,98.57532348801371,REVIEW ONLY,"Proposed fastener envelope; grade, torque and locking engagement unreleased"
K08_M08_Foot_25_15_upper_washer,hardware,1,12.0,12.0,1.0,98.57532348801371,REVIEW ONLY,"Proposed fastener envelope; grade, torque and locking engagement unreleased"
K08_M08_Foot_25_15_nut,hardware,1,8.082903768654766,7.0,5.0,149.34437085539167,REVIEW ONLY,"Proposed fastener envelope; grade, torque and locking engagement unreleased"
K08_M08_Foot_25_315_screw,hardware,1,7.0,7.0,34.0,530.9291584566761,REVIEW ONLY,"Proposed fastener envelope; grade, torque and locking engagement unreleased"
K08_M08_Foot_25_315_lower_washer,hardware,1,12.0,12.0,1.0,98.57532348801377,REVIEW ONLY,"Proposed fastener envelope; grade, torque and locking engagement unreleased"
K08_M08_Foot_25_315_upper_washer,hardware,1,12.0,12.0,1.0,98.57532348801377,REVIEW ONLY,"Proposed fastener envelope; grade, torque and locking engagement unreleased"
K08_M08_Foot_25_315_nut,hardware,1,8.082903768654766,7.0,5.0,149.34437085539153,REVIEW ONLY,"Proposed fastener envelope; grade, torque and locking engagement unreleased"
K08_M08_Foot_495_15_screw,hardware,1,7.0,7.0,34.0,530.9291584566759,REVIEW ONLY,"Proposed fastener envelope; grade, torque and locking engagement unreleased"
K08_M08_Foot_495_15_lower_washer,hardware,1,12.0,12.0,1.0,98.5753234880136,REVIEW ONLY,"Proposed fastener envelope; grade, torque and locking engagement unreleased"
K08_M08_Foot_495_15_upper_washer,hardware,1,12.0,12.0,1.0,98.5753234880136,REVIEW ONLY,"Proposed fastener envelope; grade, torque and locking engagement unreleased"
K08_M08_Foot_495_15_nut,hardware,1,8.08290376865483,7.0,5.0,149.34437085539145,REVIEW ONLY,"Proposed fastener envelope; grade, torque and locking engagement unreleased"
K08_M08_Foot_495_315_screw,hardware,1,7.0,7.0,34.0,530.9291584566768,REVIEW ONLY,"Proposed fastener envelope; grade, torque and locking engagement unreleased"
K08_M08_Foot_495_315_lower_washer,hardware,1,12.0,12.0,1.0,98.57532348801361,REVIEW ONLY,"Proposed fastener envelope; grade, torque and locking engagement unreleased"
K08_M08_Foot_495_315_upper_washer,hardware,1,12.0,12.0,1.0,98.57532348801361,REVIEW ONLY,"Proposed fastener envelope; grade, torque and locking engagement unreleased"
K08_M08_Foot_495_315_nut,hardware,1,8.08290376865483,7.0,5.0,149.34437085539133,REVIEW ONLY,"Proposed fastener envelope; grade, torque and locking engagement unreleased"
