total_flow_m3h,fan_available_Pa,low_clean_Pa,middle_clean_Pa,loaded_sensitivity_Pa
0,40.991797,0.0,0.0,0.0
5,40.82585268213961,0.0660830756361926,0.1285830756361926,0.2535830756361926
10,40.659908364279225,0.13933230254477041,0.2643323025447704,0.5143323025447704
15,40.49396404641884,0.21974768072573342,0.4072476807257334,0.7822476807257334
20,40.328019728558445,0.3073292101790816,0.5573292101790817,1.0573292101790817
25,40.16207541069806,0.402076890904815,0.714576890904815,1.3395768909048151
30,39.99613109283767,0.5039907229029337,0.8789907229029337,1.6289907229029337
35,39.830186774977285,0.6130707061734375,1.0505707061734375,1.9255707061734375
40,39.664242457116906,0.7293168407163265,1.2293168407163264,2.2293168407163266
45,39.49829813925652,0.8527291265316007,1.4152291265316008,2.540229126531601
50,39.332353821396126,0.9833075636192601,1.60830756361926,2.85830756361926
55,39.16640950353574,1.1210521519793046,1.8085521519793046,3.183552151979305
60,39.00046518567535,1.2659628916117345,2.0159628916117347,3.5159628916117347
65,38.834520867814966,1.4180397825165494,2.2305397825165496,3.8555397825165496
70,38.66269038038541,1.5772828246937498,2.45228282469375,4.20228282469375
75,38.482316121841514,1.743692018143335,2.681192018143335,4.556192018143335
80,38.301941863297614,1.9172673628653059,2.917267362865306,4.917267362865306
85,38.121567604753714,2.0980088588596617,3.1605088588596617,5.285508858859662
90,37.94119334620982,2.285916506126403,3.410916506126403,5.660916506126403
95,37.760819087665915,2.480990304665529,3.668490304665529,6.043490304665529
100,37.58044482912202,2.6832302544770403,3.9332302544770403,6.43323025447704
105,37.40007057057812,2.892636355560937,4.205136355560938,6.830136355560938
110,37.21969631203422,3.109208607917219,4.4842086079172185,7.2342086079172185
115,37.039322053490324,3.3329470115458855,4.770447011545886,7.645447011545886
120,36.858947794946424,3.5638515664469383,5.063851566446938,8.063851566446939
125,36.678573536402524,3.801922272620376,5.364422272620376,8.489422272620375
130,36.498199277858625,4.0471591300661975,5.6721591300661975,8.922159130066198
135,36.317825019314725,4.299562138784406,5.987062138784406,9.362062138784406
140,36.137450760770825,4.559131298774999,6.309131298774999,9.809131298775
145,35.95707650222693,4.825866610037979,6.638366610037979,10.263366610037979
150,35.77670224368303,5.09976807257334,6.97476807257334,10.72476807257334
155,35.596327985139126,5.380835686381089,7.318335686381089,11.19333568638109
160,35.415953726595234,5.669069451461223,7.669069451461223,11.669069451461224
165,35.235579468051334,5.964469367813742,8.026969367813741,12.151969367813741
170,35.055205209507434,6.267035435438648,8.392035435438647,12.642035435438647
175,34.874830950963535,6.576767654335937,8.764267654335937,13.139267654335937
180,34.694456692419635,6.893666024505611,9.143666024505611,13.643666024505611
185,34.514082433875735,7.217730545947671,9.53023054594767,14.15523054594767
190,34.33370817533184,7.548961218662116,9.923961218662116,14.673961218662116
195,34.153333916787936,7.887358042648947,10.324858042648948,15.199858042648948
200,33.97295965824404,8.232921017908161,10.732921017908161,15.732921017908161
205,33.76029971946025,8.585650144439763,11.148150144439763,16.27315014443976
210,33.43562605408123,8.945545422243748,11.570545422243748,16.82054542224375
215,33.110952388702216,9.31260685132012,12.00010685132012,17.37510685132012
220,32.7862787233232,9.686834431668876,12.436834431668876,17.936834431668874
225,32.461605057944176,10.068228163290017,12.880728163290017,18.50572816329002
230,32.13693139256516,10.456788046183542,13.331788046183542,19.081788046183544
235,31.812257727186143,10.852514080349458,13.790014080349458,19.665014080349458
240,31.487584061807127,11.255406265787753,14.255406265787753,20.25540626578775
245,31.162910396428106,11.665464602498433,14.727964602498433,20.852964602498435
250,30.838236731049086,12.082689090481503,15.207689090481503,21.457689090481505
255,30.51356306567007,12.507079729736956,15.694579729736956,22.069579729736954
260,30.188889400291053,12.938636520264792,16.18863652026479,22.68863652026479
265,29.86421573491203,13.377359462065016,16.689859462065016,23.314859462065016
270,29.539542069533017,13.823248555137624,17.198248555137624,23.948248555137624
275,29.192081560171108,14.27630379948262,17.71380379948262,24.58880379948262
280,28.83133304308331,14.736525195099999,18.236525195099997,25.236525195099997
285,28.470584525995513,15.20391274198976,18.76641274198976,25.89141274198976
290,28.109836008907713,15.678466440151913,19.303466440151915,26.553466440151915
295,27.749087491819918,16.160186289586445,19.847686289586445,27.222686289586445
300,27.388338974732118,16.64907229029336,20.39907229029336,27.89907229029336
305,27.027590457644322,17.145124442272667,20.957624442272667,28.582624442272667
310,26.666841940556527,17.648342745524356,21.523342745524356,29.273342745524356
315,26.306093423468724,18.15872720004843,22.09622720004843,29.97122720004843
320,25.945344906380924,18.676277805844894,22.676277805844894,30.676277805844894
325,25.58459638929313,19.20099456291374,23.26349456291374,31.38849456291374
330,25.22384787220533,19.73287747125497,23.85787747125497,32.107877471254966
335,24.863099355117534,20.271926530868587,24.459426530868587,32.83442653086858
340,24.500923421832706,20.81814174175459,25.06814174175459,33.56814174175459
345,24.10410005303613,21.371523103912978,25.684023103912978,34.30902310391298
350,23.707276684239552,21.932070617343747,26.307070617343747,35.05707061734375
355,23.310453315442977,22.4997842820469,26.9372842820469,35.812284282046896
360,22.913629946646395,23.074664098022446,27.574664098022446,36.574664098022446
365,22.51680657784982,23.65671006527037,28.21921006527037,37.34421006527037
370,22.11998320905324,24.245922183790682,28.870922183790682,38.12092218379068
375,21.723159840256667,24.84230045358338,29.52980045358338,38.904800453583384
380,21.326336471460085,25.445844874648465,30.195844874648465,39.695844874648465
385,20.929513102663503,26.05655544698593,30.86905544698593,40.494055446985925
390,20.53268973386693,26.67443217059579,31.54943217059579,41.29943217059579
395,20.13586636507035,27.299475045478022,32.23697504547802,42.11197504547802
400,19.739042996273778,27.931684071632645,32.931684071632645,42.931684071632645
405,19.3422196274772,28.571059249059655,33.63355924905966,43.75855924905966
410,18.96153909880056,29.217600577759047,34.34260057775905,44.59260057775905
415,18.600790581712765,29.87130805773083,35.05880805773083,45.43380805773083
420,18.240042064624966,30.532181688974998,35.782181688974994,46.282181688974994
425,17.879293547537166,31.200221471491542,36.512721471491545,47.137721471491545
430,17.51854503044937,31.87542740528048,37.25042740528048,48.00042740528048
435,17.157796513361575,32.5577994903418,37.9952994903418,48.8702994903418
440,16.797047996273776,33.247337726675504,38.747337726675504,49.747337726675504
445,16.436299479185976,33.9440421142816,39.5065421142816,50.6315421142816
450,16.075550962098177,34.64791265316007,40.27291265316007,51.52291265316007
455,15.714802445010378,35.358949343310925,41.046449343310925,52.421449343310925
460,15.354053927922587,36.07715218473417,41.82715218473417,53.32715218473417
465,14.993305410834786,36.80252117742981,42.61502117742981,54.24002117742981
470,14.632556893746987,37.53505632139783,43.41005632139783,55.16005632139783
475,14.271808376659186,38.274757616638226,44.212257616638226,56.087257616638226
480,13.880201595528527,39.02162506315101,45.02162506315101,57.02162506315101
485,13.483378226731949,39.77565866093618,45.83815866093618,57.96315866093618
490,13.086554857935377,40.536858409993734,46.661858409993734,58.911858409993734
495,12.689731489138797,41.30522431032369,47.49272431032369,59.86772431032369
500,12.292908120342219,42.080756361926014,48.330756361926014,60.830756361926014
505,11.89608475154564,42.863454564800726,49.175954564800726,61.800954564800726
510,11.49926138274906,43.653318918947825,50.028318918947825,62.778318918947825
515,11.102438013952488,44.4503494243673,50.8878494243673,63.7628494243673
520,10.70561464515591,45.25454608105917,51.75454608105917,64.75454608105916
525,10.30879127635933,46.06590888902343,52.62840888902343,65.75340888902343
530,9.911967907562753,46.88443784826006,53.50943784826006,66.75943784826006
535,9.51514453876617,47.710132958769094,54.397632958769094,67.7726329587691
540,9.1183211699696,48.5429942205505,55.2929942205505,68.7929942205505
545,8.72149780117302,49.38302163360429,56.19552163360429,69.82052163360429
550,8.32467443237644,50.23021519793048,57.10521519793048,70.85521519793048
555,7.927851063579862,51.084574913529046,58.022074913529046,71.89707491352905
560,7.531027694783282,51.946100780399995,58.946100780399995,72.94610078039999
565,7.134204325986712,52.81479279854332,59.87729279854332,74.00229279854332
570,6.737380957190132,53.69065096795904,60.81565096795904,75.06565096795904
575,6.340557588393553,54.573675288647145,61.761175288647145,76.13617528864714
580,5.943734219596974,55.46386576060765,62.71386576060765,77.21386576060766
585,5.546910850800394,56.36122238384051,63.67372238384051,78.29872238384051
590,5.150087482003823,57.26574515834578,64.64074515834578,79.39074515834578
595,4.753264113207243,58.177434084123426,65.61493408412342,80.48993408412342
600,4.356440744410664,59.096289161173445,66.59628916117344,81.59628916117344
605,3.9596173756140853,60.022310389495885,67.58481038949589,82.70981038949589
610,3.5627940068175055,60.95549776909067,68.58049776909067,83.83049776909067
615,3.0933278574811793,61.89585129995787,69.58335129995787,84.95835129995787
620,2.5882799335582702,62.84337098209743,70.59337098209743,86.09337098209743
625,2.083232009635351,63.79805681550939,71.6105568155094,87.2355568155094
630,1.5781840857124316,64.75990880019371,72.63490880019371,88.38490880019371
635,1.073136161789513,65.72892693615049,73.66642693615049,89.54142693615049
640,0.5680882378665938,66.70511122337957,74.70511122337957,90.70511122337957
645,0.06304031394368466,67.68846166188108,75.75096166188108,91.87596166188108
