ID,Required_item,Supplier_response,Evidence_reference,Exact_article_revision,Review_status
FS01,India purchasable fan and controller package,UNKNOWN,UNKNOWN,UNKNOWN,OPEN_NOT_SENT
FS02,Numeric curves pressure basis density and test installation,UNKNOWN,UNKNOWN,UNKNOWN,OPEN_NOT_SENT
FS03,1300 m3h at 250 Pa screening point speed power current sound,UNKNOWN,UNKNOWN,UNKNOWN,OPEN_NOT_SENT
FS04,1300 m3h at 420 Pa screening point speed power current sound,UNKNOWN,UNKNOWN,UNKNOWN,OPEN_NOT_SENT
FS05,1200 m3h at 375 Pa comparison point,UNKNOWN,UNKNOWN,UNKNOWN,OPEN_NOT_SENT
FS06,Stable operating range and permissible speed limits,UNKNOWN,UNKNOWN,UNKNOWN,OPEN_NOT_SENT
FS07,Compact inlet outlet guard installation acceptance or correction,UNKNOWN,UNKNOWN,UNKNOWN,OPEN_NOT_SENT
FS08,Dimensioned drawing STEP mass mounts orientation service clearance,UNKNOWN,UNKNOWN,UNKNOWN,OPEN_NOT_SENT
FS09,Actual flow areas spigot tolerance adapters and guards,UNKNOWN,UNKNOWN,UNKNOWN,OPEN_NOT_SENT
FS10,Matching power control manual supply inrush leakage requirements,UNKNOWN,UNKNOWN,UNKNOWN,OPEN_NOT_SENT
FS11,Protection reset command loss and available operation feedback,UNKNOWN,UNKNOWN,UNKNOWN,OPEN_NOT_SENT
FS12,Itemized quote tax freight warranty lead time and replacement service,UNKNOWN,UNKNOWN,UNKNOWN,OPEN_NOT_SENT
FS13,Selected filter clean curves maintenance limits and revised system duty,UNKNOWN,UNKNOWN,UNKNOWN,OPEN_NOT_SENT
FS14,Accepted room duty noise and qualified mechanical electrical review,UNKNOWN,UNKNOWN,UNKNOWN,OPEN_NOT_SENT
