ID,Responsible_role_not_assigned_person,State,Decision,Required_work,Closure_evidence,Reviewer_name,Date,Disposition,Evidence_file
M01,Mechanical,OPEN INTERNAL,Guard strength and reach,"Select material and justified load/probe criteria; assess perforations, welds, side seams and attachments; verify unpowered sample.",Annotated calculation/drawing plus signed inspection result,,,OPEN,
M02,Mechanical,OPEN INTERNAL,Cabinet joints and stability,"Check plywood/cleat grade, bolt bearing, edge distances, wood screw withdrawal, feet, whole mass/CG and cable pull; no lifting by lid.",Approved structural details and stability test record,,,OPEN,
M03,Mechanical,MIXED INPUT,Filter seal and service,"Confirm exact filter frame/tolerance, gasket force/compression, flatness and feedthrough seals; verify safe supported removal.",Revised stops/retainers and fit/leak evidence,,,OPEN,
M04,Mechanical and electrical,WAITING OEM,Fan harness and protected entry,"ARCTIC and Noctua connector/cable dimensions pending; Noctua220175. Complete insert, clamp, bend and retention design when received.",OEM evidence and updated integrated CAD/drawing,,,OPEN,
E01,Electrical and mechanical,OPEN INTERNAL,Hazard and protective function,"Determine applicable requirements; reconcile fixed guards, isolated servicing and present restart requirements before choosing circuitry.",Signed functional allocation and explicit requirement disposition,,,OPEN,
E02,Electrical,OPEN INTERNAL,Rated circuit and enclosure,"Select DC switching/protection/isolation, wire ratings, verified connectors and enclosure; check startup and auxiliary loads. No terminal guesses.","Circuit, cable schedule, ratings and physical layout",,,OPEN,
E03,Electrical,SITE AND PHYSICAL,Commissioning,"Verify site supply and OEM adapter suitability; test isolation, stop/restart, supply recovery, abnormal/thermal behaviour under approved procedures.",Signed commissioning record before performance tests,,,OPEN,
P01,Mechanical and test lead,PHYSICAL DATA,Filter duty,Obtain exact clean/loaded curve or safe measured pressure/flow points; include all installed losses.,Accepted operating point with margin and replacement rule,,,OPEN,
T01,Test lead and project lead,TEAM DECISION,Acceptance targets and room,"Agree indoor premises, measured flow/noise targets, room volume, instrument methods and PM test plan before trials.",Approved test plan and thresholds,,,OPEN,
T02,Test lead,AFTER RELEASE,Measured prototype results,"Measure airflow, filter losses, bypass, noise, power and room PM with background/control observations.","Raw logs, calibration references and reviewed results",,,OPEN,
C01,Project lead and engineers,AFTER REVIEW,Procurement and change control,"Confirm exact SKUs, quantities, real quotes, lead times and service scopes; authorize only released lines.",Approved BOM and revision-specific purchase/build authorization,,,OPEN,
O01,Separate future project,OUT OF INDOOR SCOPE,Public outdoor tower,Heat/rain/corrosion/tampering/anchoring and wind-dependent benefit require separate design and field validation.,Separate outdoor release; no bubble radius claimed,,,OPEN,
