ID,Quantity_basis,Exact_product_or_geometry,Status,Known_basis,Not_released_or_unknown,Evidence
F1-F4,4,ARCTIC P14 Max black ACFAN00287A,VERIFIED OEM REFERENCE / NOT PURCHASE RELEASE,"140x140x27mm;12V;0.35A each;245g;0-40C OEM ambient","Delivered revision,cable/connector dimensions,installed duty,guards and protection",reports/prototype_d01/component_validation/README.md
FL1-FL2,2,IKEA STARKVIND104.633.30 particle filters,EXPERIMENTAL REFERENCE / NOT CUSTOM-USE APPROVAL,370x290x40mm catalogue envelope,"Actual tolerances,frame,seals,clean/loaded resistance; OEM specifies STARKVIND use",reports/prototype_d01/r02_adapter/README.md
PS1,1,Noctua NV-PS1 with NA-AC10,VERIFIED OEM REFERENCE / NOT PURCHASE RELEASE,External12V2A24W adapter,"Actual startup/auxiliary demand,fault coordination,site suitability",reports/prototype_d01/electrical_package/POWER_COORDINATION.json
H1,1,Noctua NA-FH1 with supplied NA-EC1,VERIFIED OEM REFERENCE / NOT PROTECTIVE DEVICE,Selected4-pin path24W2A;93x43x12.5mm body,"Actual connector fit,retained carrier,cable capacity,abnormal restart behaviour",reports/prototype_d01/electrical_package/control_module/CURRENT_CONTROL_CHECKS.json
SC1,1,Noctua NA-FC1,VERIFIED OEM REFERENCE / NOT ISOLATION,3A maximum;21x25x48mm body; isolated-preset proposal,"Actual mounting,connectors,heat; no live knob interface designed",reports/prototype_d01/electrical_package/control_module/README.md
EXT,2 candidate extension leads,Noctua NA-EC1 from NA-SEC1 kit,CANDIDATE / UNSELECTED,300mm;NA-SEC1 kit has3 leads,"Exact lead count and connector/gland fit pending;do not duplicate supplied hub lead",reports/prototype_d01/mechanical_package/harness_detail/README.md
CTRL1,1,Arduino Opta Lite AFX00003,VERIFIED OEM REFERENCE / ORDINARY BENCH ONLY,"70x88.8mm front;61.1mm reserved depth;12-24V;max2W;target compile verified","Protective functions not implemented or validated; no upload/physical test",reports/prototype_d01/electrical_package/OPTA_BOARD_BUILD.json
CB1,1,Hammond1554XA2GY,VERIFIED OEM REFERENCE / MODIFIED ASSEMBLY UNRELEASED,Nominal300x200x120mm external box;24-solid private OEM STEP,"Whole mounting,entries,thermal,modified ingress,protection and actual fit",reports/prototype_d01/electrical_package/control_module/CURRENT_CONTROL_CHECKS.json
PL1,1,Hammond1554XPL,VERIFIED OEM REFERENCE / DRILLING UNRELEASED,285x185mm panel;STEP thickness1.6256mm vs catalogue2mm rounding,"Delivered thickness,edge contour,holes,fasteners,functional earth/metal treatment",reports/prototype_d01/electrical_package/control_module/README.md
DIN1,1 proposed125mm cut,35x7.5mm rail;Phoenix0801733 reference,CANDIDATE GEOMETRY / UNSELECTED PURCHASE LINE,Reference15x6.2mm slots at25mm pitch,"Obtain suitable cut piece;reference catalogue pack is not procurement quantity;attachment unapproved",reports/prototype_d01/electrical_package/control_module/README.md
PB_START,1,Schneider ZB5AA3 green spring-return head,CANDIDATE / NOT RELEASED,22mm class; proposed22.3+0.4/-0 hole;1-6mm panel range,"Actual full stack,labels,torque,retention,sealing",reports/prototype_d01/electrical_package/control_module/LID_CONTROL_PARTS.csv
PB_STOP,1,Schneider ZB5AA4 red spring-return head,CANDIDATE / ORDINARY STOP ONLY,Same head family;NC sensing contact proposed,"Not emergency stop,isolation or protective restart",reports/prototype_d01/electrical_package/control_module/LID_CONTROL_PARTS.csv
PB_RESET,1,Schneider ZB5AA6 blue spring-return head,CANDIDATE / NOT RELEASED,Same head family;NO sensing contact proposed,"Reset is not start or protective restart approval",reports/prototype_d01/electrical_package/control_module/LID_CONTROL_PARTS.csv
PB_COLLAR,3,Schneider ZB5AZ009 fixing collar,CANDIDATE / NOT RELEASED,OEM XB5 electrical-block collar reference,"Delivered mounting stack and required accessories",reports/prototype_d01/electrical_package/control_module/LID_CONTROL_PARTS.csv
PB_NO,2,Schneider ZBE1016 gold-flashed NO contact,CANDIDATE / NUMERIC LOW-CURRENT SUITABILITY UNKNOWN,Current2026 OEM catalogue low-power designation verified,"Numeric minimum switching range,actual terminal identifiers,branch protection",reports/prototype_d01/electrical_package/control_module/CURRENT_CONTROL_CHECKS.json
PB_NC,1,Schneider ZBE1026 gold-flashed NC contact,CANDIDATE / NUMERIC LOW-CURRENT SUITABILITY UNKNOWN,Current2026 OEM catalogue low-power designation verified,"Numeric minimum switching range,actual terminal identifiers,branch protection",reports/prototype_d01/electrical_package/control_module/CURRENT_CONTROL_CHECKS.json
PR1,1 functional assembly,Independent protection and isolation,UNSELECTED,Existing hazard/restart requirements remain open,"Rated circuit and hazard allocation;ordinary controls/Opta/hub fuse do not substitute",reports/prototype_d01/electrical_package/control_module/CURRENT_RELEASE_GATES.csv
FUSE,Quantity unknown,DC fuse and compatible holder,UNSELECTED,Littelfuse0297002.WXNV2A is screening comparison only,"Fault-time coordination,temperature,contacts and source startup;not a selected fuse",reports/prototype_d01/electrical_package/OPTA_INTEGRATION_SCREEN.json
TERM,Quantity unknown,Terminals branch protection and wire system,UNSELECTED,No rated terminal/cable assignments released,"Sizes,current/fault/temperature ratings,OEM connectors and label schedule",reports/prototype_d01/electrical_package/control_module/CURRENT_RELEASE_GATES.csv
ENTRY,Quantity unknown,Protected cable entries glands inserts and clamps,UNSELECTED,OEM lead/connector envelope enquiries pending,"Insert size,lead bends,retention,feedthrough seal and guard interface",reports/prototype_d01/mechanical_package/harness_detail/README.md
MOUNT,1 mounting set,Control box retained mounting and component carriers,UNSELECTED,5mm hub/controller lift and DIN seating are assumed envelopes,"Actual support hardware,box placement,tower attachment,service clearance",reports/prototype_d01/electrical_package/control_module/CURRENT_CONTROL_CHECKS.json
CAB,1 assembly,R03M493-object cabinet geometry,PROPOSED REVIEW CAD / NOT FABRICATION RELEASE,Native assembly and15 review DXFs controlling geometry,"Material grade,joint strength,whole mass/CG,stability",reports/prototype_d01/mechanical_package/README.md
GUARD,2 assemblies,R03M perforated guards,PROPOSED REVIEW CAD / NOT SAFETY RELEASE,2822 holes per face;open area0.0354623m2 each,"Perforated strength,reach,side seam and attachment criteria",reports/prototype_d01/mechanical_package/GUARD_ACCESS_DECISION.md
FIX,One scheduled set,R03M fasteners and compression limiters,PROPOSED GEOMETRY / UNRELEASED,Use FASTENER_SCHEDULE quantities;do not sum inventory duplicates,"Actual grades,torques,bearing,withdrawal and tolerances",reports/prototype_d01/mechanical_package/FASTENER_SCHEDULE.csv
SEAL,One design set,Filter fan and penetration gaskets,UNSELECTED MATERIAL,Installed geometric envelopes only,"Force-compression curves,flatness,tolerances,bypass and closure loads",reports/prototype_d01/mechanical_package/README.md
FEET,4,R03M retained feet,PROPOSED GEOMETRY / UNRELEASED,Nominal support geometry extracted digitally,"Material,retention,bearing,complete stability and cable-pull evidence",reports/prototype_d01/mechanical_package/mass_stability_review.json
TEST,One service scope,Calibrated airflow pressure power noise PM tests,UNSELECTED / NO PHYSICAL DATA,No college lab assumed;rent or paid-service route,"Exact methods,instruments,room and acceptance thresholds",docs/build/NO_LAB_BUILD_ROUTE.md
BUILD,One service scope,Qualified fabrication assembly and commissioning,UNSELECTED,Funding support only;workshop service not booked,"Real quotes,review scope,procurement authorization and signed physical results",reports/prototype_d01/electrical_package/control_module/CURRENT_RELEASE_GATES.csv
